size,income,cum_sum,grouping
1,0,870,group
1,21,884,group
1,60,902,group
1,130,924,group
1,200,935,group
1,290,944,group
1,526,965,group
1,621,978,group
1,631,1003,group
1,1021,1048,group
1,1035,1070,group
1,1157,1144,group
1,1344,1156,group
1,1430,1179,group
1,1634,1192,group
1,1789,1196,group
1,1873,1211,group
1,2071,1219,group
1,2172,1228,group
1,2247,1241,group
1,2275,1250,group
1,2340,1272,group
1,2379,1286,group
1,2680,1293,group
1,2720,1309,group
1,3030,1324,group
1,3064,1336,group
1,3157,1378,group
1,3200,1395,group
1,3683,1422,group
1,3707,1445,group
1,4085,1458,group
1,4142,1532,group
1,4209,1558,group
1,4556,1585,group
1,4892,1598,group
1,5100,1620,group
1,5107,1633,group
1,5177,1645,group
1,5250,1668,group
1,5384,1681,group
1,5400,1694,group
1,5515,1717,group
1,5660,1730,group
1,6103,1744,group
1,6128,1794,group
1,6205,1810,group
1,6316,1829,group
1,6800,1841,group
1,6826,1844,group
1,6836,1851,group
1,6937,1863,group
1,7000,1871,group
1,7155,1882,group
1,7200,1896,group
1,7239,1909,group
1,7343,1923,group
1,7353,1997,group
1,7365,2009,group
1,7500,2030,group
1,7653,2041,group
1,7762,2065,group
1,7766,2086,group
1,7800,2145,group
1,7869,2164,group
1,7892,2310,group
1,7900,2320,group
1,7966,2387,group
1,7997,2394,group
1,8000,2478,group
1,8068,2489,group
1,8170,2530,group
1,8207,2556,group
1,8283,2635,group
1,8284,2648,group
1,8387,2661,group
1,8418,2673,group
1,8500,2719,group
1,8600,2730,group
1,8628,2742,group
1,8650,2750,group
1,8687,2764,group
1,8700,2777,group
1,8801,2827,group
1,8839,2874,group
1,8905,2951,group
1,8944,2957,group
1,8987,2973,group
1,8997,2988,group
1,9000,3001,group
1,9008,3042,group
1,9100,3053,group
1,9101,3232,group
1,9215,3338,group
1,9308,3365,group
1,9400,3385,group
1,9470,3412,group
1,9500,3431,group
1,9600,3450,group
1,9680,3473,group
1,9805,3487,group
1,9891,3502,group
1,9900,3511,group
1,9928,3549,group
1,10000,3718,group
1,10111,3730,group
1,10147,3785,group
1,10213,3870,group
1,10238,3888,group
1,10312,3928,group
1,10342,4023,group
1,10354,4185,group
1,10400,4208,group
1,10417,4232,group
1,10522,4362,group
1,10627,4383,group
1,10733,4411,group
1,10768,4433,group
1,10800,4496,group
1,10943,4517,group
1,11000,4536,group
1,11014,4544,group
1,11030,4582,group
1,11153,4599,group
1,11234,4670,group
1,11286,4696,group
1,11364,4720,group
1,11376,4754,group
1,11390,4813,group
1,11439,4834,group
1,11469,4842,group
1,11597,4882,group
1,11643,4902,group
1,11680,4927,group
1,11700,4967,group
1,11785,4974,group
1,11790,4981,group
1,11804,4993,group
1,11847,5015,group
1,11890,5027,group
1,11900,5042,group
1,11940,5055,group
1,12000,5215,group
1,12100,5298,group
1,12176,5323,group
1,12206,5338,group
1,12218,5355,group
1,12256,5379,group
1,12300,5412,group
1,12410,5661,group
1,12425,5760,group
1,12500,5797,group
1,12617,5809,group
1,12627,5869,group
1,12632,5936,group
1,12700,6053,group
1,12839,6073,group
1,12868,6094,group
1,12869,6104,group
1,12927,6192,group
1,12971,6275,group
1,13000,6337,group
1,13031,6373,group
1,13073,6379,group
1,13100,6402,group
1,13150,6415,group
1,13175,6439,group
1,13200,6462,group
1,13247,6477,group
1,13253,6491,group
1,13258,6504,group
1,13300,6524,group
1,13341,6538,group
1,13357,6553,group
1,13379,6572,group
1,13440,6586,group
1,13444,6910,group
1,13460,7073,group
1,13500,7081,group
1,13564,7086,group
1,13574,7099,group
1,13667,7113,group
1,13679,7134,group
1,13685,7144,group
1,13700,7156,group
1,13755,7174,group
1,13771,7202,group
1,13784,7214,group
1,13788,7338,group
1,13800,7351,group
1,13889,7367,group
1,13900,7393,group
1,13962,7405,group
1,14000,7442,group
1,14044,7456,group
1,14050,7475,group
1,14200,7485,group
1,14272,7496,group
1,14298,7650,group
1,14300,7662,group
1,14400,7678,group
1,14415,7690,group
1,14479,7696,group
1,14496,7733,group
1,14500,7870,group
1,14599,7878,group
1,14600,7917,group
1,14634,7940,group
1,14685,7965,group
1,14727,7983,group
1,14731,8072,group
1,14806,8083,group
1,14879,8115,group
1,14892,8146,group
1,14910,8171,group
1,14996,8250,group
1,15000,8440,group
1,15013,8452,group
1,15014,8469,group
1,15047,8482,group
1,15099,8493,group
1,15100,8534,group
1,15115,8546,group
1,15152,8722,group
1,15200,8736,group
1,15203,8770,group
1,15257,8781,group
1,15320,8801,group
1,15376,8817,group
1,15378,8885,group
1,15513,8954,group
1,15524,9011,group
1,15531,9210,group
1,15573,9222,group
1,15600,9250,group
1,15635,9266,group
1,15728,9278,group
1,15783,9492,group
1,15823,9501,group
1,15860,9518,group
1,15926,9537,group
1,15932,9570,group
1,15994,9583,group
1,16000,9648,group
1,16133,9716,group
1,16137,9776,group
1,16152,9811,group
1,16204,9820,group
1,16309,9858,group
1,16500,9871,group
1,16520,9944,group
1,16545,9967,group
1,16547,10057,group
1,16625,10117,group
1,16730,10127,group
1,16749,10141,group
1,16774,10159,group
1,16835,10166,group
1,16852,10276,group
1,16941,10289,group
1,16954,10313,group
1,16961,10321,group
1,17084,10379,group
1,17100,10398,group
1,17158,10426,group
1,17291,10441,group
1,17361,10511,group
1,17395,10608,group
1,17400,10622,group
1,17464,10644,group
1,17500,10651,group
1,17572,10675,group
1,17581,10804,group
1,17600,10820,group
1,17602,10835,group
1,17669,10842,group
1,17677,10910,group
1,17700,10946,group
1,17706,10972,group
1,17710,10990,group
1,17771,11012,group
1,17873,11028,group
1,17888,11052,group
1,17891,11087,group
1,17900,11101,group
1,17913,11136,group
1,17975,11159,group
1,18000,11241,group
1,18098,11312,group
1,18100,11322,group
1,18179,11379,group
1,18202,11409,group
1,18308,11437,group
1,18383,11475,group
1,18486,11496,group
1,18500,11556,group
1,18600,11590,group
1,18615,11634,group
1,18637,11680,group
1,18690,11693,group
1,18741,11719,group
1,18835,11737,group
1,18894,11810,group
1,18940,11849,group
1,19000,11862,group
1,19052,11877,group
1,19132,11898,group
1,19300,11916,group
1,19405,11928,group
1,19443,11972,group
1,19466,12008,group
1,19609,12033,group
1,19673,12037,group
1,19782,12048,group
1,19800,12059,group
1,19856,12082,group
1,19984,12090,group
1,19992,12176,group
1,20000,12330,group
1,20063,12343,group
1,20076,12365,group
1,20108,12379,group
1,20109,12394,group
1,20202,12429,group
1,20413,12473,group
1,20426,12535,group
1,20477,12542,group
1,20501,12557,group
1,20518,12659,group
1,20528,12667,group
1,20684,12760,group
1,20708,12816,group
1,20729,12827,group
1,20750,12849,group
1,20800,12868,group
1,20835,12880,group
1,20994,12893,group
1,21000,12985,group
1,21019,12991,group
1,21044,13065,group
1,21100,13088,group
1,21255,13104,group
1,21360,13124,group
1,21392,13137,group
1,21408,13164,group
1,21511,13284,group
1,21537,13330,group
1,21600,13351,group
1,21703,13366,group
1,21718,13443,group
1,21744,13503,group
1,21847,13550,group
1,21958,13580,group
1,22235,13611,group
1,22261,13617,group
1,22469,13673,group
1,22517,13690,group
1,22581,13709,group
1,22693,13731,group
1,22728,13743,group
1,22752,13776,group
1,22793,13783,group
1,22800,13802,group
1,22938,13819,group
1,22970,13832,group
1,22979,13945,group
1,23000,13985,group
1,23100,13997,group
1,23149,14041,group
1,23193,14054,group
1,23285,14074,group
1,23286,14097,group
1,23297,14130,group
1,23464,14198,group
1,23500,14212,group
1,23570,14234,group
1,23600,14247,group
1,23694,14262,group
1,23783,14285,group
1,23786,14314,group
1,23815,14354,group
1,23939,14371,group
1,23970,14400,group
1,24001,14452,group
1,24100,14464,group
1,24144,14471,group
1,24201,14503,group
1,24205,14534,group
1,24307,14555,group
1,24332,14628,group
1,24500,14688,group
1,24511,14883,group
1,24600,14901,group
1,24613,14908,group
1,24700,14929,group
1,24721,14941,group
1,24727,14955,group
1,24800,14968,group
1,24820,15002,group
1,24850,15064,group
1,24920,15078,group
1,24971,15090,group
1,25000,15126,group
1,25020,15190,group
1,25100,15206,group
1,25124,15246,group
1,25148,15272,group
1,25185,15283,group
1,25200,15302,group
1,25253,15315,group
1,25264,15326,group
1,25300,15349,group
1,25500,15415,group
1,25520,15425,group
1,25533,15555,group
1,25544,15567,group
1,25575,15594,group
1,25648,15607,group
1,25855,15712,group
1,25885,15741,group
1,25927,15750,group
1,26000,15877,group
1,26043,15903,group
1,26092,15946,group
1,26145,15961,group
1,26248,15985,group
1,26301,15995,group
1,26305,16025,group
1,26411,16105,group
1,26452,16125,group
1,26500,16139,group
1,26554,16237,group
1,26700,16255,group
1,26831,16278,group
1,26889,16323,group
1,26900,16335,group
1,26921,16404,group
1,26962,16427,group
1,27000,16473,group
1,27042,16488,group
1,27147,16501,group
1,27300,16518,group
1,27357,16533,group
1,27371,16554,group
1,27400,16562,group
1,27406,16591,group
1,27463,16611,group
1,27480,16619,group
1,27500,16655,group
1,27646,16664,group
1,27880,16675,group
1,27923,16803,group
1,27956,16891,group
1,27984,16904,group
1,28000,16968,group
1,28060,16980,group
1,28086,17006,group
1,28233,17018,group
1,28350,17031,group
1,28392,17039,group
1,28410,17062,group
1,28420,17077,group
1,28500,17112,group
1,28515,17127,group
1,28577,17161,group
1,28596,17366,group
1,28647,17379,group
1,28888,17401,group
1,28900,17407,group
1,28903,17463,group
1,28936,17473,group
1,28957,17781,group
1,28992,17897,group
1,29107,17958,group
1,29170,17980,group
1,29199,18001,group
1,29300,18006,group
1,29414,18026,group
1,29462,18049,group
1,29509,18127,group
1,29578,18147,group
1,29600,18175,group
1,29618,18223,group
1,29720,18237,group
1,29800,18244,group
1,29820,18267,group
1,29873,18292,group
1,29988,18349,group
1,29991,18387,group
1,30000,18579,group
1,30020,18592,group
1,30026,18615,group
1,30027,18628,group
1,30198,18644,group
1,30300,18679,group
1,30302,18701,group
1,30400,18713,group
1,30441,18728,group
1,30500,18750,group
1,30514,18852,group
1,30545,18865,group
1,30560,18879,group
1,30600,18899,group
1,30639,19062,group
1,30725,19070,group
1,30800,19081,group
1,31000,19101,group
1,31026,19207,group
1,31062,19488,group
1,31200,19526,group
1,31398,19540,group
1,31566,19592,group
1,31600,19621,group
1,31891,19633,group
1,32000,19731,group
1,32060,19754,group
1,32098,19777,group
1,32139,19785,group
1,32305,19799,group
1,32408,19813,group
1,32619,19877,group
1,32680,19905,group
1,32682,19938,group
1,32886,19961,group
1,33000,20007,group
1,33039,20028,group
1,33090,20040,group
1,33094,20060,group
1,33133,20133,group
1,33460,20144,group
1,33499,20166,group
1,33611,20202,group
1,33671,20309,group
1,33700,20325,group
1,33703,20349,group
1,33715,20390,group
1,33755,20405,group
1,33800,20416,group
1,33870,20435,group
1,33921,20480,group
1,34000,20508,group
1,34065,20531,group
1,34091,20553,group
1,34128,20652,group
1,34169,20679,group
1,34723,20694,group
1,34724,20727,group
1,34956,20739,group
1,35000,21020,group
1,35080,21031,group
1,35133,21045,group
1,35144,21072,group
1,35152,21094,group
1,35204,21162,group
1,35369,21174,group
1,35411,21185,group
1,35576,21206,group
1,35746,21254,group
1,35783,21293,group
1,35800,21305,group
1,35900,21319,group
1,35950,21367,group
1,36000,21383,group
1,36196,21396,group
1,36197,21451,group
1,36228,21463,group
1,36240,21544,group
1,36266,21616,group
1,36301,21620,group
1,36390,21639,group
1,36507,21658,group
1,36700,21682,group
1,36767,21750,group
1,36827,21861,group
1,36964,21884,group
1,36972,21911,group
1,37000,21925,group
1,37076,21962,group
1,37275,21990,group
1,37293,22006,group
1,37334,22040,group
1,37500,22060,group
1,37586,22103,group
1,37600,22138,group
1,37689,22157,group
1,37770,22176,group
1,37788,22187,group
1,37880,22240,group
1,37896,22272,group
1,38000,22301,group
1,38265,22321,group
1,38310,22328,group
1,38400,22354,group
1,38500,22442,group
1,38503,22454,group
1,38513,22468,group
1,38517,22491,group
1,38600,22510,group
1,38725,22529,group
1,38810,22572,group
1,38932,22614,group
1,39000,22671,group
1,39100,22679,group
1,39196,22690,group
1,39242,22713,group
1,39299,22929,group
1,39346,23049,group
1,39594,23077,group
1,39609,23094,group
1,39616,23116,group
1,39713,23127,group
1,39729,23138,group
1,39826,23145,group
1,39879,23158,group
1,39920,23182,group
1,40000,23373,group
1,40089,23389,group
1,40381,23408,group
1,40458,23423,group
1,40747,23436,group
1,40852,23521,group
1,40910,23535,group
1,41036,23547,group
1,41367,23626,group
1,41417,23723,group
1,41457,23740,group
1,41500,23758,group
1,41669,23780,group
1,41878,23797,group
1,41934,23818,group
1,42000,24000,group
1,42088,24101,group
1,42100,24113,group
1,42195,24131,group
1,42348,24144,group
1,42402,24166,group
1,42452,24202,group
1,42500,24229,group
1,42800,24240,group
1,42905,24254,group
1,42970,24290,group
1,43022,24312,group
1,43073,24336,group
1,43099,24349,group
1,43200,24376,group
1,43201,24436,group
1,43332,24450,group
1,43395,24463,group
1,43400,24482,group
1,43405,24550,group
1,43436,24661,group
1,43487,24721,group
1,43600,24741,group
1,43643,24758,group
1,44193,24855,group
1,44315,24868,group
1,44325,24880,group
1,44400,24904,group
1,44427,24920,group
1,44470,24961,group
1,44573,24972,group
1,44719,25042,group
1,44824,25063,group
1,44835,25088,group
1,45000,25199,group
1,45035,25211,group
1,45140,25225,group
1,45194,25240,group
1,45245,25253,group
1,45248,25276,group
1,45401,25290,group
1,45500,25311,group
1,45538,25325,group
1,45558,25337,group
1,45600,25363,group
1,45959,25459,group
1,46192,25480,group
1,46228,25491,group
1,46280,25512,group
1,46367,25524,group
1,46398,25559,group
1,46435,25562,group
1,46469,25579,group
1,46538,25606,group
1,46571,25616,group
1,46594,25693,group
1,46621,25712,group
1,46749,25752,group
1,46800,25771,group
1,46952,25806,group
1,47000,25830,group
1,47041,25842,group
1,47092,25864,group
1,47100,25872,group
1,47159,25884,group
1,47215,25905,group
1,47314,25933,group
1,47350,25974,group
1,47500,26011,group
1,47629,26024,group
1,47779,26040,group
1,48000,26060,group
1,48402,26100,group
1,48561,26113,group
1,48607,26129,group
1,48665,26150,group
1,48750,26157,group
1,48928,26179,group
1,48975,26193,group
1,49243,26211,group
1,49454,26235,group
1,49500,26249,group
1,49600,26265,group
1,49635,26291,group
1,49641,26315,group
1,49656,26322,group
1,49700,26392,group
1,49848,26416,group
1,50000,26443,group
1,50044,26452,group
1,50506,26575,group
1,50735,26609,group
1,50839,26621,group
1,50850,26642,group
1,51032,26691,group
1,51065,26801,group
1,51151,26865,group
1,51167,26874,group
1,51460,26891,group
1,51558,26920,group
1,51606,26949,group
1,51709,27061,group
1,51771,27088,group
1,51900,27102,group
1,52000,27195,group
1,52020,27207,group
1,52086,27239,group
1,52392,27260,group
1,52600,27292,group
1,52611,27376,group
1,52640,27391,group
1,52744,27451,group
1,52821,27457,group
1,53137,27479,group
1,53157,27499,group
1,53242,27516,group
1,53800,27550,group
1,53842,27618,group
1,53925,27632,group
1,53945,27648,group
1,54129,27670,group
1,54150,27699,group
1,54463,27724,group
1,54502,27742,group
1,54715,27751,group
1,55000,27813,group
1,55150,27884,group
1,55262,27897,group
1,55355,27912,group
1,55846,27934,group
1,56000,28004,group
1,56030,28019,group
1,56053,28039,group
1,56090,28061,group
1,56121,28080,group
1,56172,28185,group
1,56600,28204,group
1,56819,28225,group
1,56880,28265,group
1,56948,28288,group
1,56989,28310,group
1,57193,28356,group
1,57240,28362,group
1,57766,28372,group
1,58000,28385,group
1,58190,28409,group
1,58536,28434,group
1,58623,28464,group
1,59000,28507,group
1,59019,28528,group
1,59200,28542,group
1,59236,28553,group
1,59976,28585,group
1,59983,28599,group
1,60000,28677,group
1,60054,28696,group
1,60257,28701,group
1,60397,28731,group
1,60468,28754,group
1,60563,28772,group
1,60572,28785,group
1,60882,28797,group
1,60986,28817,group
1,61000,28829,group
1,61028,28897,group
1,61278,28965,group
1,61380,28977,group
1,61600,29011,group
1,61742,29035,group
1,61870,29061,group
1,62051,29165,group
1,62080,29243,group
1,62125,29367,group
1,62504,29394,group
1,62800,29407,group
1,63085,29437,group
1,63133,29480,group
1,63321,29498,group
1,63322,29510,group
1,63500,29543,group
1,64000,29555,group
1,64138,29567,group
1,64400,29580,group
1,64600,29595,group
1,65027,29607,group
1,65154,29630,group
1,65231,29650,group
1,65237,29670,group
1,65363,29717,group
1,65974,29724,group
1,66100,29749,group
1,66188,29782,group
1,66267,29801,group
1,66331,29822,group
1,66385,29845,group
1,66681,29854,group
1,66815,29874,group
1,67000,29998,group
1,67020,30016,group
1,67222,30213,group
1,67302,30224,group
1,67342,30239,group
1,67406,30282,group
1,67815,30286,group
1,68130,30307,group
1,68256,30338,group
1,68394,30346,group
1,68581,30366,group
1,69269,30379,group
1,69291,30407,group
1,69446,30433,group
1,69449,30444,group
1,69500,30459,group
1,69762,30468,group
1,69787,30481,group
1,69959,30495,group
1,70000,30516,group
1,70325,30563,group
1,70408,30580,group
1,70498,30614,group
1,71237,30635,group
1,71491,30658,group
1,71550,30680,group
2,0,580,group
2,777,726,group
2,1158,754,group
2,1241,780,group
2,1263,818,group
2,1430,842,group
2,2485,870,group
2,2757,894,group
2,3000,948,group
2,3683,998,group
2,4654,1074,group
2,4800,1100,group
2,6205,1122,group
2,6843,1154,group
2,7239,1178,group
2,7455,1230,group
2,7559,1252,group
2,7766,1278,group
2,7869,1300,group
2,8067,1326,group
2,8283,1464,group
2,8375,1494,group
2,8500,1518,group
2,8791,1574,group
2,9132,1594,group
2,9257,1624,group
2,9308,1720,group
2,9470,1746,group
2,9891,1772,group
2,10000,1796,group
2,10213,1830,group
2,10396,1846,group
2,10522,1882,group
2,10549,1954,group
2,10724,2010,group
2,10930,2056,group
2,11048,2086,group
2,11169,2110,group
2,11172,2138,group
2,11200,2168,group
2,11234,2182,group
2,11376,2230,group
2,11400,2248,group
2,11421,2274,group
2,11574,2330,group
2,11583,2362,group
2,11907,2408,group
2,12256,2528,group
2,12300,2544,group
2,12320,2584,group
2,12400,2608,group
2,12410,2732,group
2,12425,2782,group
2,12521,2808,group
2,12824,2866,group
2,12971,2896,group
2,13047,2934,group
2,13153,3000,group
2,13363,3028,group
2,13460,3054,group
2,13468,3146,group
2,13651,3156,group
2,13679,3258,group
2,14094,3312,group
2,14185,3340,group
2,14298,3356,group
2,14375,3388,group
2,14400,3410,group
2,14479,3456,group
2,14520,3480,group
2,14626,3508,group
2,14703,3538,group
2,14800,3564,group
2,14892,3580,group
2,15000,3670,group
2,15014,3762,group
2,15047,3812,group
2,15162,3894,group
2,15320,3908,group
2,15600,3936,group
2,15678,3962,group
2,15783,4136,group
2,15823,4172,group
2,15926,4244,group
2,15945,4268,group
2,16000,4320,group
2,16034,4360,group
2,16049,4402,group
2,16111,4442,group
2,16133,4468,group
2,16341,4552,group
2,16835,4580,group
2,16852,4656,group
2,16941,4702,group
2,17046,4764,group
2,17064,4778,group
2,17188,4814,group
2,17256,4908,group
2,17260,4956,group
2,17291,4972,group
2,17500,4982,group
2,17581,5008,group
2,17700,5070,group
2,18000,5266,group
2,18100,5340,group
2,18383,5458,group
2,18519,5476,group
2,18588,5518,group
2,18615,5672,group
2,18719,5696,group
2,18926,5750,group
2,18940,5798,group
2,19045,5828,group
2,19132,6052,group
2,19259,6126,group
2,19303,6150,group
2,19350,6196,group
2,19405,6220,group
2,19443,6274,group
2,19466,6306,group
2,19546,6332,group
2,19650,6420,group
2,19676,6470,group
2,19782,6484,group
2,19887,6514,group
2,20018,6544,group
2,20120,6584,group
2,20191,6650,group
2,20426,6970,group
2,20518,7018,group
2,20580,7034,group
2,20631,7062,group
2,20684,7088,group
2,20708,7324,group
2,20709,7358,group
2,20732,7402,group
2,20787,7426,group
2,20915,7450,group
2,20994,7474,group
2,21044,7566,group
2,21098,7624,group
2,21200,7648,group
2,21226,7676,group
2,21247,7720,group
2,21297,7754,group
2,21304,7782,group
2,21325,7806,group
2,21547,7858,group
2,21718,7944,group
2,21827,7994,group
2,21856,8020,group
2,21886,8068,group
2,21951,8102,group
2,22096,8258,group
2,22132,8312,group
2,22338,8358,group
2,22517,8430,group
2,22623,8460,group
2,22752,8508,group
2,22779,8750,group
2,22800,8784,group
2,22833,8828,group
2,22877,8858,group
2,22900,8898,group
2,23043,8946,group
2,23090,8990,group
2,23100,9016,group
2,23149,9060,group
2,23269,9098,group
2,23455,9146,group
2,23490,9162,group
2,23504,9236,group
2,23607,9280,group
2,23675,9320,group
2,23700,9368,group
2,23786,9416,group
2,23800,9522,group
2,23815,9564,group
2,23885,9596,group
2,23899,9624,group
2,23993,9674,group
2,24000,9868,group
2,24096,9896,group
2,24103,9944,group
2,24205,9974,group
2,24229,10024,group
2,24400,10046,group
2,24600,10088,group
2,24613,10112,group
2,24614,10160,group
2,24643,10224,group
2,24800,10292,group
2,24818,10354,group
2,24820,10380,group
2,24850,10528,group
2,25000,10646,group
2,25053,10678,group
2,25379,10722,group
2,25500,10748,group
2,25533,10800,group
2,25720,10848,group
2,25779,10884,group
2,25782,10916,group
2,25885,11044,group
2,25958,11070,group
2,25989,11116,group
2,26000,11144,group
2,26196,11158,group
2,26300,11194,group
2,26305,11254,group
2,26372,11270,group
2,26455,11294,group
2,26516,11366,group
2,26554,11460,group
2,26621,11486,group
2,26785,11510,group
2,26921,11548,group
2,26937,11572,group
2,26950,11594,group
2,26992,11702,group
2,27000,11736,group
2,27100,11760,group
2,27199,11784,group
2,27200,11818,group
2,27300,11846,group
2,27357,12024,group
2,27406,12052,group
2,27463,12094,group
2,27575,12122,group
2,27626,12152,group
2,27646,12186,group
2,27716,12254,group
2,27749,12300,group
2,27770,12344,group
2,27778,12372,group
2,27923,12434,group
2,28000,12472,group
2,28086,12646,group
2,28094,12662,group
2,28199,12684,group
2,28410,12840,group
2,28500,12968,group
2,28515,13050,group
2,28544,13074,group
2,28545,13098,group
2,28596,13110,group
2,28620,13140,group
2,28647,13188,group
2,28785,13236,group
2,28903,13382,group
2,29000,13450,group
2,29041,13474,group
2,29058,13516,group
2,29061,13584,group
2,29095,13608,group
2,29107,13690,group
2,29199,13724,group
2,29269,13750,group
2,29300,13774,group
2,29370,13798,group
2,29462,13928,group
2,29500,14168,group
2,29509,14216,group
2,29578,14244,group
2,29613,14266,group
2,29672,14318,group
2,29721,14360,group
2,29785,14398,group
2,29924,14436,group
2,29991,14660,group
2,30000,14682,group
2,30009,14714,group
2,30198,14746,group
2,30234,14756,group
2,30304,14778,group
2,30312,14800,group
2,30405,14846,group
2,30409,14866,group
2,30462,14910,group
2,30509,14958,group
2,30545,14992,group
2,30639,15268,group
2,30741,15298,group
2,30830,15330,group
2,30935,15358,group
2,31026,15370,group
2,31048,15396,group
2,31062,15450,group
2,31129,15490,group
2,31400,15512,group
2,31566,15616,group
2,31646,15658,group
2,31660,15694,group
2,31684,15736,group
2,31787,15780,group
2,31891,15808,group
2,31911,15864,group
2,32000,15932,group
2,32061,15962,group
2,32092,15984,group
2,32100,16052,group
2,32201,16100,group
2,32215,16124,group
2,32408,16164,group
2,32440,16194,group
2,32619,16254,group
2,32682,16266,group
2,32723,16292,group
2,32926,16322,group
2,33000,16354,group
2,33090,16380,group
2,33094,16426,group
2,33145,16474,group
2,33192,16516,group
2,33250,16558,group
2,33271,16580,group
2,33301,16634,group
2,33340,16650,group
2,33355,16676,group
2,33499,16704,group
2,33671,17018,group
2,33703,17056,group
2,33715,17190,group
2,33921,17232,group
2,34000,17410,group
2,34065,17496,group
2,34092,17542,group
2,34112,17570,group
2,34128,17626,group
2,34169,17684,group
2,34197,17860,group
2,34200,17896,group
2,34232,17922,group
2,34500,17972,group
2,34723,18064,group
2,34800,18118,group
2,34900,18216,group
2,35000,18270,group
2,35031,18316,group
2,35133,18340,group
2,35162,18474,group
2,35204,18530,group
2,35249,18558,group
2,35354,18588,group
2,35411,18644,group
2,35460,18670,group
2,35473,18712,group
2,35515,18736,group
2,35746,18764,group
2,35775,18866,group
2,35807,18876,group
2,35848,18902,group
2,35950,18920,group
2,36154,18964,group
2,36197,19206,group
2,36200,19230,group
2,36240,19262,group
2,36300,19324,group
2,36550,19376,group
2,36563,19474,group
2,36600,19496,group
2,36714,19524,group
2,36722,19628,group
2,36767,19720,group
2,36817,19774,group
2,36861,19882,group
2,36933,19926,group
2,36971,20010,group
2,37000,20054,group
2,37231,20078,group
2,37275,20158,group
2,37278,20302,group
2,37380,20350,group
2,37438,20374,group
2,37459,20404,group
2,37482,20430,group
2,37541,20468,group
2,37586,20508,group
2,37880,20562,group
2,37979,20586,group
2,38000,20626,group
2,38095,20678,group
2,38103,20706,group
2,38200,20738,group
2,38265,20826,group
2,38300,20858,group
2,38310,20890,group
2,38458,20910,group
2,38517,20936,group
2,38575,20964,group
2,38679,21002,group
2,38700,21018,group
2,38782,21068,group
2,38810,21092,group
2,38828,21146,group
2,38900,21176,group
2,38910,21198,group
2,38932,21294,group
2,39035,21320,group
2,39100,21346,group
2,39142,21368,group
2,39247,21414,group
2,39299,21546,group
2,39300,21636,group
2,39346,21692,group
2,39353,21706,group
2,39500,21824,group
2,39524,21848,group
2,39553,21892,group
2,39600,21912,group
2,39656,21952,group
2,39689,21976,group
2,39800,22026,group
2,39879,22062,group
2,39900,22104,group
2,40000,22216,group
2,40071,22256,group
2,40089,22290,group
2,40300,22340,group
2,40333,22362,group
2,40341,22386,group
2,40350,22406,group
2,40381,22596,group
2,40500,22642,group
2,40592,22666,group
2,40597,22698,group
2,40615,22724,group
2,40644,22754,group
2,40648,22850,group
2,40852,23078,group
2,40899,23218,group
2,40900,23256,group
2,41036,23430,group
2,41159,23474,group
2,41200,23504,group
2,41313,23530,group
2,41367,23780,group
2,41417,24054,group
2,41465,24094,group
2,41471,24124,group
2,41500,24150,group
2,41567,24186,group
2,42000,24238,group
2,42088,24336,group
2,42100,24378,group
2,42183,24420,group
2,42194,24454,group
2,42452,24524,group
2,42615,24584,group
2,42690,24628,group
2,42712,24710,group
2,42815,24740,group
2,42833,24766,group
2,42866,24792,group
2,42895,24902,group
2,42930,24934,group
2,43280,24948,group
2,43281,24988,group
2,43487,25058,group
2,43508,25106,group
2,43656,25136,group
2,43667,25194,group
2,43916,25240,group
2,43953,25276,group
2,44000,25430,group
2,44193,25626,group
2,44263,25696,group
2,44470,25718,group
2,44523,25862,group
2,44532,25882,group
2,44580,25924,group
2,44719,25956,group
2,44730,25968,group
2,44833,26006,group
2,44917,26032,group
2,44937,26046,group
2,44987,26076,group
2,45000,26234,group
2,45091,26290,group
2,45100,26316,group
2,45123,26342,group
2,45244,26382,group
2,45351,26430,group
2,45400,26476,group
2,45456,26514,group
2,45504,26628,group
2,45550,26716,group
2,45558,26808,group
2,45589,26836,group
2,45711,26862,group
2,45771,27016,group
2,45876,27046,group
2,45959,27118,group
2,45970,27146,group
2,45972,27344,group
2,46000,27516,group
2,46021,27652,group
2,46051,27678,group
2,46100,27704,group
2,46166,27748,group
2,46387,27774,group
2,46403,27808,group
2,46500,27846,group
2,46538,28088,group
2,46563,28114,group
2,46594,28144,group
2,46600,28170,group
2,46613,28202,group
2,46800,28252,group
2,46823,28272,group
2,46904,28314,group
2,47000,28364,group
2,47159,28398,group
2,47236,28430,group
2,47350,28528,group
2,47366,28556,group
2,47500,28582,group
2,47573,28690,group
2,47593,28764,group
2,47665,28908,group
2,47700,28952,group
2,47779,28972,group
2,47986,28996,group
2,48000,29150,group
2,48103,29208,group
2,48191,29262,group
2,48308,29286,group
2,48402,29316,group
2,48500,29442,group
2,48561,29592,group
2,48607,29686,group
2,48614,29742,group
2,48617,29766,group
2,48665,29792,group
2,48716,29842,group
2,48717,29894,group
2,48762,29944,group
2,48872,30024,group
2,48900,30046,group
2,48917,30072,group
2,48920,30098,group
2,48950,30140,group
2,48975,30164,group
2,49000,30306,group
2,49023,30334,group
2,49124,30424,group
2,49182,30472,group
2,49286,30520,group
2,49454,30578,group
2,49464,30644,group
2,49486,30676,group
2,49500,30704,group
2,49521,30740,group
2,49580,30768,group
2,49641,30794,group
2,49664,30822,group
2,49700,30950,group
2,49803,30960,group
2,49873,30992,group
2,49875,31026,group
2,49900,31068,group
2,49951,31108,group
2,49980,31148,group
2,49982,31288,group
2,50000,31682,group
2,50011,31712,group
2,50055,31776,group
2,50317,31796,group
2,50350,31834,group
2,50506,31860,group
2,50528,31874,group
2,50590,31904,group
2,50600,31954,group
2,50735,31998,group
2,50779,32030,group
2,50822,32074,group
2,50880,32098,group
2,50882,32130,group
2,50970,32180,group
2,51000,32352,group
2,51046,32402,group
2,51065,32418,group
2,51100,32466,group
2,51137,32498,group
2,51150,32526,group
2,51167,32552,group
2,51400,32588,group
2,51474,32606,group
2,51606,32630,group
2,51709,32812,group
2,51771,32890,group
2,51874,32950,group
2,51882,32976,group
2,51900,33004,group
2,51978,33080,group
2,52000,33102,group
2,52081,33170,group
2,52084,33180,group
2,52189,33222,group
2,52280,33296,group
2,52392,33346,group
2,52400,33386,group
2,52600,33418,group
2,52611,33470,group
2,52618,33516,group
2,52632,33568,group
2,52744,33590,group
2,52800,33614,group
2,52801,33650,group
2,52900,33688,group
2,53031,33726,group
2,53108,33878,group
2,53242,33936,group
2,53261,33952,group
2,53312,33974,group
2,53347,34006,group
2,53467,34028,group
2,53768,34088,group
2,53778,34142,group
2,53829,34170,group
2,53842,34218,group
2,53852,34246,group
2,53884,34268,group
2,54088,34300,group
2,54295,34336,group
2,54333,34364,group
2,54336,34382,group
2,54398,34420,group
2,54435,34444,group
2,54538,34470,group
2,54640,34542,group
2,54715,34594,group
2,54742,34640,group
2,54812,34692,group
2,54877,34802,group
2,54915,34822,group
2,54981,34864,group
2,55000,34910,group
2,55010,34924,group
2,55048,34968,group
2,55100,34984,group
2,55122,35054,group
2,55150,35084,group
2,55381,35128,group
2,55400,35156,group
2,55602,35182,group
2,55661,35228,group
2,55662,35348,group
2,55705,35436,group
2,55778,35460,group
2,55800,35544,group
2,55846,35796,group
2,55912,35916,group
2,55950,35942,group
2,56119,35976,group
2,56172,36018,group
2,56182,36038,group
2,56293,36148,group
2,56399,36194,group
2,56550,36228,group
2,56580,36268,group
2,56673,36314,group
2,56819,36342,group
2,56880,36396,group
2,56900,36410,group
2,56948,36518,group
2,57000,36618,group
2,57030,36658,group
2,57193,36756,group
2,57397,36812,group
2,57499,36862,group
2,57557,36902,group
2,57569,36932,group
2,57661,36956,group
2,57673,36998,group
2,57708,37030,group
2,57806,37072,group
2,57872,37156,group
2,58000,37316,group
2,58010,37366,group
2,58018,37394,group
2,58225,37412,group
2,58294,37442,group
2,58328,37458,group
2,58397,37484,group
2,58432,37504,group
2,58470,37554,group
2,58500,37672,group
2,58501,37794,group
2,58639,37820,group
2,58700,37862,group
2,58845,37910,group
2,58876,37962,group
2,58907,37970,group
2,58924,37992,group
2,58949,38088,group
2,59020,38130,group
2,59236,38252,group
2,59338,38278,group
2,59345,38358,group
2,59409,38384,group
2,59500,38480,group
2,59645,38504,group
2,59743,38586,group
2,59951,38610,group
2,59976,38676,group
2,59983,38844,group
2,60000,39036,group
2,60054,39058,group
2,60257,39106,group
2,60271,39138,group
2,60292,39168,group
2,60397,39184,group
2,60400,39198,group
2,60461,39240,group
2,60468,39294,group
2,60572,39320,group
2,60675,39382,group
2,60713,39394,group
2,60768,39430,group
2,60870,39478,group
2,60882,39500,group
2,60950,39530,group
2,61000,39624,group
2,61017,39666,group
2,61089,39784,group
2,61239,39824,group
2,61278,40096,group
2,61431,40120,group
2,61765,40136,group
2,61789,40282,group
2,61800,40306,group
2,61900,40318,group
2,61948,40342,group
2,61993,40368,group
2,62000,40420,group
2,62010,40448,group
2,62021,40474,group
2,62051,40536,group
2,62080,40568,group
2,62100,40592,group
2,62125,40960,group
2,62186,40974,group
2,62258,41028,group
2,62300,41094,group
2,62396,41146,group
2,62400,41174,group
2,62700,41260,group
2,63000,41300,group
2,63014,41342,group
2,63085,41498,group
2,63133,41698,group
2,63160,41730,group
2,63300,41784,group
2,63321,41880,group
2,63500,41930,group
2,63665,41984,group
2,63782,42028,group
2,63800,42058,group
2,63900,42104,group
2,64100,42166,group
2,64120,42264,group
2,64196,42356,group
2,64299,42384,group
2,64326,42400,group
2,64342,42414,group
2,64395,42492,group
2,64444,42526,group
2,64610,42576,group
2,64816,42602,group
2,65000,42782,group
2,65024,42808,group
2,65154,42984,group
2,65237,43050,group
2,65257,43092,group
2,65300,43134,group
2,65400,43152,group
2,65438,43202,group
2,65464,43228,group
2,65568,43244,group
2,65670,43258,group
2,65700,43286,group
2,65749,43294,group
2,65774,43350,group
2,66000,43378,group
2,66070,43436,group
2,66188,43488,group
2,66267,43512,group
2,66289,43634,group
2,66385,43788,group
2,66395,43862,group
2,66500,43880,group
2,66705,43900,group
2,66895,43918,group
2,67000,43980,group
2,67002,44004,group
2,67015,44046,group
2,67100,44092,group
2,67222,44136,group
2,67300,44160,group
2,67302,44322,group
2,67304,44346,group
2,67342,44374,group
2,67364,44412,group
2,67457,44440,group
2,67508,44490,group
2,67510,44516,group
2,67552,44582,group
2,67610,44628,group
2,67626,44658,group
2,67815,44688,group
2,68236,44694,group
2,68256,44804,group
2,68310,44828,group
2,68394,44882,group
2,68427,44970,group
2,68500,45052,group
2,68567,45092,group
2,68773,45136,group
2,68920,45166,group
2,69000,45350,group
2,69291,45374,group
2,69373,45456,group
2,69394,45480,group
2,69449,45630,group
2,69497,45682,group
2,69551,45710,group
2,69601,45730,group
2,69808,45762,group
2,70325,45788,group
2,70408,45842,group
2,70470,45868,group
2,70498,45898,group
2,70500,45938,group
2,70532,45992,group
2,70738,46016,group
2,70822,46066,group
2,70926,46180,group
2,71110,46224,group
2,71152,46248,group
2,71162,46308,group
2,71185,46358,group
2,71256,46412,group
2,71359,46506,group
2,71462,46538,group
2,71491,46598,group
2,71492,46722,group
2,71550,46826,group
2,71593,46872,group
2,71690,46888,group
2,71761,46964,group
2,71773,46972,group
2,72000,46996,group
3,0,198,group
3,800,270,group
3,1300,354,group
3,1771,426,group
3,1903,492,group
3,4654,555,group
3,6629,600,group
3,8283,639,group
3,8687,750,group
3,8944,780,group
3,9430,822,group
3,9515,852,group
3,10665,897,group
3,11000,1002,group
3,11153,1185,group
3,11949,1332,group
3,12011,1377,group
3,12879,1458,group
3,12942,1524,group
3,13253,1743,group
3,13444,1980,group
3,13583,2040,group
3,13631,2097,group
3,14500,2187,group
3,14809,2214,group
3,14941,2322,group
3,14996,2466,group
3,15320,2571,group
3,16049,2643,group
3,16133,2682,group
3,16700,2835,group
3,16994,2880,group
3,18486,2922,group
3,18835,2970,group
3,18940,3045,group
3,19000,3117,group
3,19255,3153,group
3,19673,3219,group
3,19753,3315,group
3,20000,3348,group
3,20426,3453,group
3,21000,3501,group
3,21044,3624,group
3,21304,3705,group
3,21408,3789,group
3,22202,3933,group
3,22260,3984,group
3,23149,4002,group
3,23166,4050,group
3,23400,4092,group
3,23600,4128,group
3,23607,4173,group
3,24000,4212,group
3,24093,4239,group
3,24200,4278,group
3,24511,4323,group
3,24850,4371,group
3,25000,4413,group
3,25022,4527,group
3,25253,4575,group
3,25533,4791,group
3,25885,5040,group
3,26000,5079,group
3,26300,5142,group
3,26726,5238,group
3,27042,5280,group
3,27251,5328,group
3,27335,5367,group
3,27882,5436,group
3,27923,5466,group
3,27956,5517,group
3,27989,5589,group
3,28096,5646,group
3,28188,5718,group
3,28410,5769,group
3,28474,5844,group
3,29300,5934,group
3,29462,6006,group
3,29474,6066,group
3,30000,6327,group
3,30027,6384,group
3,30509,6459,group
3,30639,6588,group
3,31026,6630,group
3,31252,6696,group
3,31461,6741,group
3,31580,6789,group
3,32060,6837,group
3,32201,6921,group
3,32600,6942,group
3,32724,7020,group
3,33962,7098,group
3,34000,7356,group
3,34025,7398,group
3,34092,7473,group
3,34169,7548,group
3,34583,7575,group
3,34800,7632,group
3,35000,7776,group
3,35162,8097,group
3,35618,8184,group
3,35746,8256,group
3,35775,8496,group
3,36000,8568,group
3,36093,8604,group
3,36197,8667,group
3,36240,8946,group
3,36331,8985,group
3,36550,9033,group
3,37231,9063,group
3,37285,9105,group
3,37700,9174,group
3,37880,9261,group
3,38103,9318,group
3,38197,9390,group
3,38265,9459,group
3,38517,9687,group
3,38575,9741,group
3,38782,9789,group
3,38810,9825,group
3,39092,9909,group
3,39923,9963,group
3,39984,10023,group
3,40230,10071,group
3,40852,10200,group
3,40899,10239,group
3,41261,10284,group
3,41417,10320,group
3,41700,10416,group
3,41873,10479,group
3,42200,10515,group
3,42500,10593,group
3,42930,10680,group
3,43035,10812,group
3,43126,10848,group
3,43405,11025,group
3,43436,11097,group
3,43500,11166,group
3,43800,11205,group
3,43916,11328,group
3,43953,11364,group
3,44000,11415,group
3,44470,11502,group
3,45000,11541,group
3,45091,11574,group
3,45297,11694,group
3,45550,11730,group
3,45558,11793,group
3,45662,11832,group
3,47139,11868,group
3,47500,11928,group
3,47573,11961,group
3,47899,11991,group
3,48000,12027,group
3,48607,12054,group
3,48700,12108,group
3,49000,12168,group
3,49329,12246,group
3,49349,12309,group
3,49744,12366,group
3,49800,12393,group
3,50000,12612,group
3,50100,12648,group
3,50296,12768,group
3,50452,12807,group
3,50506,12933,group
3,50572,12984,group
3,50927,13029,group
3,50928,13065,group
3,51046,13191,group
3,51065,13764,group
3,51100,13806,group
3,51481,13845,group
3,51709,14082,group
3,51771,14187,group
3,52084,14313,group
3,52123,14424,group
3,52137,14466,group
3,52190,14499,group
3,52300,14556,group
3,52597,14682,group
3,52599,14730,group
3,52611,14802,group
3,52640,14832,group
3,52744,14901,group
3,52806,15039,group
3,52970,15102,group
3,53108,15150,group
3,53210,15219,group
3,53467,15255,group
3,53778,15300,group
3,53800,15363,group
3,53842,15402,group
3,53985,15438,group
3,54600,15468,group
3,54605,15522,group
3,54709,15585,group
3,54812,15834,group
3,54946,15909,group
3,55000,16032,group
3,55346,16176,group
3,55422,16218,group
3,56172,16434,group
3,56188,16482,group
3,56327,16527,group
3,56682,16599,group
3,56946,16728,group
3,56948,16866,group
3,57100,16917,group
3,57200,16980,group
3,57367,17037,group
3,57872,17106,group
3,57914,17190,group
3,58316,17238,group
3,58500,17379,group
3,58725,17424,group
3,58924,17571,group
3,58949,17634,group
3,59746,17793,group
3,59871,17889,group
3,59976,18201,group
3,60397,18240,group
3,61017,18258,group
3,61224,18288,group
3,61278,18420,group
3,61297,18459,group
3,61431,18513,group
3,61900,18612,group
3,62051,18654,group
3,62080,18714,group
3,62125,18831,group
3,62700,18870,group
3,62775,18936,group
3,62912,18990,group
3,63133,19032,group
3,63292,19083,group
3,63321,19143,group
3,63400,19215,group
3,63700,19278,group
3,63782,19314,group
3,64000,19446,group
3,64120,19503,group
3,64138,19578,group
3,64342,19704,group
3,64606,19866,group
3,64637,19950,group
3,65000,20049,group
3,65237,20121,group
3,65261,20325,group
3,65363,20592,group
3,66078,20622,group
3,66200,20799,group
3,66395,20835,group
3,67302,20910,group
3,67406,20979,group
3,68256,21078,group
3,68394,21120,group
3,68920,21225,group
3,69373,21348,group
3,69449,21438,group
3,70000,21519,group
3,70098,21558,group
3,70201,21636,group
3,70498,21666,group
3,71359,21708,group
3,71491,21777,group
3,71550,21951,group
3,72000,21987,group
4,0,72,group
4,2758,260,group
4,5051,316,group
4,8283,376,group
4,9040,460,group
4,10000,516,group
4,10101,580,group
4,10213,624,group
4,10522,728,group
4,12174,800,group
4,12460,836,group
4,13150,884,group
4,13460,1072,group
4,13500,1176,group
4,14809,1260,group
4,15141,1348,group
4,15513,1444,group
4,15531,1468,group
4,17788,1532,group
4,18100,1612,group
4,18383,1756,group
4,18615,1824,group
4,18792,1876,group
4,19091,1912,group
4,20167,2320,group
4,21044,2472,group
4,22287,2556,group
4,22365,2756,group
4,22500,3184,group
4,22545,3248,group
4,22673,3304,group
4,22780,3388,group
4,23424,3432,group
4,23490,3552,group
4,24201,3592,group
4,24510,3644,group
4,24622,3968,group
4,25533,4092,group
4,26403,4192,group
4,26486,4292,group
4,26921,4388,group
4,27231,4440,group
4,27463,4472,group
4,27785,4564,group
4,27923,4592,group
4,29474,4656,group
4,29500,5148,group
4,30514,5344,group
4,31354,5464,group
4,31967,5540,group
4,32060,5628,group
4,32577,5704,group
4,32719,5740,group
4,33030,5876,group
4,34724,5952,group
4,35204,6404,group
4,35369,6460,group
4,35679,6544,group
4,35746,6644,group
4,36300,6780,group
4,38265,6812,group
4,38400,6968,group
4,38414,7028,group
4,38511,7084,group
4,38575,7224,group
4,39346,7456,group
4,39700,7504,group
4,39863,7572,group
4,40444,7620,group
4,40852,7656,group
4,41367,7924,group
4,41417,7956,group
4,41600,7988,group
4,41771,8036,group
4,41983,8124,group
4,42194,8472,group
4,42282,8532,group
4,42384,8692,group
4,42402,8976,group
4,42712,9076,group
4,43141,9312,group
4,43436,9528,group
4,43562,9680,group
4,44100,9728,group
4,44355,9784,group
4,45297,9824,group
4,45504,9892,group
4,45918,9928,group
4,46538,10040,group
4,46594,10108,group
4,47000,10168,group
4,47034,10220,group
4,47695,10316,group
4,48000,10400,group
4,48818,10516,group
4,49200,10564,group
4,49454,10736,group
4,49641,10808,group
4,50085,10892,group
4,50500,10948,group
4,51000,10984,group
4,51065,11580,group
4,52000,11632,group
4,52611,11696,group
4,52806,11792,group
4,53108,11952,group
4,53768,12044,group
4,54505,12096,group
4,54670,12152,group
4,54715,12172,group
4,54812,12264,group
4,54877,12296,group
4,55150,12460,group
4,55767,12516,group
4,55912,12616,group
4,56000,12712,group
4,56083,12744,group
4,57914,12804,group
4,58623,13004,group
4,59433,13100,group
4,59500,13172,group
4,60145,13248,group
4,60397,13324,group
4,60914,13368,group
4,60986,13440,group
4,61000,13552,group
4,61060,13596,group
4,61278,13972,group
4,61554,14304,group
4,61607,14680,group
4,62125,14824,group
4,63000,14908,group
4,63085,14992,group
4,63130,15044,group
4,63396,15104,group
4,63627,15200,group
4,63678,15260,group
4,63775,15316,group
4,63800,15396,group
4,64120,15444,group
4,64196,15588,group
4,64326,15644,group
4,64817,15696,group
4,65000,15744,group
4,65154,15832,group
4,65237,16020,group
4,66000,16068,group
4,66267,16160,group
4,66385,16364,group
4,66921,16424,group
4,67222,16504,group
4,67500,16636,group
4,67800,16724,group
4,68000,16824,group
4,68121,16880,group
4,68337,16992,group
4,68394,17220,group
4,68427,17324,group
4,68800,17428,group
4,69000,17492,group
4,69497,17520,group
4,70200,17572,group
4,70919,17660,group
4,71000,17732,group
4,71024,17756,group
4,71256,17812,group
4,71500,18060,group
4,72000,18284,group
5,0,110,group
5,3788,285,group
5,4000,335,group
5,8996,570,group
5,10301,635,group
5,10320,705,group
5,15320,920,group
5,15531,1020,group
5,15783,1330,group
5,15800,1490,group
5,17602,1565,group
5,19673,1785,group
5,22469,2055,group
5,22979,2290,group
5,24511,2415,group
5,25390,2490,group
5,25554,2885,group
5,25855,3005,group
5,28300,3235,group
5,28410,3505,group
5,30866,3535,group
5,31150,3690,group
5,31566,3765,group
5,31994,3885,group
5,32098,3995,group
5,32513,4115,group
5,33000,4470,group
5,34622,4710,group
5,35746,4790,group
5,36767,4860,group
5,37600,4930,group
5,38195,5030,group
5,38500,5205,group
5,39346,5275,group
5,41367,5400,group
5,42895,5520,group
5,42930,5580,group
5,43351,6025,group
5,43916,6145,group
5,43982,6270,group
5,44005,6335,group
5,44800,6430,group
5,45000,6495,group
5,45121,6590,group
5,45456,6925,group
5,45972,7060,group
5,46435,7300,group
5,46800,7455,group
5,48402,7535,group
5,48768,7675,group
5,49197,7740,group
5,50218,7915,group
5,50963,8040,group
5,51065,8130,group
5,51709,8605,group
5,51771,8680,group
5,53945,8745,group
5,55000,8820,group
5,56720,8920,group
5,57983,8970,group
5,58432,9095,group
5,58827,9210,group
5,59100,9465,group
5,59746,9530,group
5,60563,9730,group
5,61089,9815,group
5,61278,9875,group
5,61660,9955,group
5,62922,10215,group
5,63133,10280,group
5,64501,10360,group
5,65448,10420,group
5,65466,10540,group
5,65563,10600,group
5,66267,10680,group
5,66385,10760,group
5,67300,10825,group
5,68256,10905,group
5,68427,11265,group
5,69000,11370,group
5,69449,11520,group
5,71083,11595,group
