size,income,cum_sum
1,0,1186
1,1,1213
1,41,1243
1,179,1263
1,196,1274
1,207,1291
1,280,1314
1,321,1322
1,558,1336
1,600,1348
1,631,1380
1,700,1390
1,725,1408
1,766,1416
1,800,1435
1,817,1461
1,931,1471
1,979,1477
1,1138,1485
1,1139,1500
1,1200,1585
1,1226,1604
1,1263,1612
1,1344,1641
1,1346,1656
1,1368,1695
1,1450,1733
1,1500,1765
1,1522,1772
1,1532,1782
1,1553,1799
1,1600,1805
1,1634,1817
1,1695,1833
1,1700,1839
1,1736,1850
1,1810,1875
1,1833,1887
1,1900,1907
1,1965,1918
1,2020,1925
1,2104,1939
1,2210,1948
1,2300,2004
1,2379,2036
1,2420,2043
1,2451,2063
1,2500,2103
1,2525,2113
1,2655,2117
1,2725,2137
1,2800,2172
1,2841,2186
1,3000,2192
1,3103,2202
1,3106,2242
1,3166,2253
1,3268,2268
1,3309,2289
1,3313,2312
1,3367,2332
1,3500,2351
1,3516,2359
1,3523,2381
1,3683,2401
1,3788,2431
1,3930,2446
1,3988,2469
1,4187,2491
1,4209,2575
1,4289,2581
1,4349,2595
1,4447,2600
1,4500,2620
1,4659,2632
1,4902,2645
1,5000,2662
1,5004,2683
1,5050,2693
1,5107,2730
1,5171,2769
1,5177,2797
1,5200,2827
1,5261,2868
1,5515,2883
1,5585,2898
1,5695,2943
1,5821,2962
1,5924,3012
1,6000,3023
1,6005,3029
1,6128,3041
1,6205,3095
1,6212,3141
1,6300,3171
1,6313,3212
1,6420,3223
1,6434,3257
1,6492,3267
1,6515,3280
1,6524,3304
1,6638,3317
1,6722,3329
1,6730,3358
1,6800,3404
1,6850,3436
1,6945,3453
1,7000,3489
1,7050,3500
1,7136,3548
1,7144,3557
1,7149,3588
1,7188,3602
1,7200,3618
1,7300,3638
1,7365,3663
1,7418,3674
1,7455,3698
1,7456,3703
1,7576,3742
1,7662,3751
1,7756,3759
1,7830,3774
1,7900,3792
1,7966,3805
1,8076,3812
1,8102,3829
1,8170,3839
1,8207,3860
1,8273,3928
1,8283,3986
1,8400,4082
1,8418,4101
1,8477,4109
1,8500,4121
1,8579,4210
1,8584,4217
1,8594,4243
1,8600,4296
1,8618,4331
1,8687,4406
1,8697,4600
1,8700,4611
1,8783,4675
1,8800,4779
1,8801,4832
1,8820,4842
1,8824,4850
1,8839,4883
1,8894,4890
1,8905,4917
1,8944,5000
1,8987,5085
1,8997,5103
1,9000,5112
1,9008,5127
1,9020,5138
1,9100,5144
1,9101,5194
1,9112,5222
1,9192,5344
1,9204,5352
1,9215,5372
1,9259,5387
1,9300,5400
1,9308,5468
1,9319,5576
1,9400,5607
1,9470,5616
1,9515,5627
1,9575,5655
1,9600,5721
1,9618,5740
1,9629,5756
1,9680,5768
1,9700,5777
1,9702,5787
1,9733,5801
1,9800,5807
1,9805,5941
1,9891,6042
1,9900,6073
1,9940,6140
1,9996,6179
1,10000,6205
1,10009,6236
1,10100,6248
1,10101,6261
1,10111,6286
1,10135,6295
1,10200,6305
1,10213,6378
1,10251,6406
1,10312,6421
1,10315,6465
1,10342,6662
1,10354,6848
1,10400,6854
1,10417,6869
1,10458,6896
1,10519,6904
1,10522,6954
1,10561,6969
1,10622,6981
1,10627,7039
1,10665,7053
1,10724,7092
1,10744,7121
1,10756,7131
1,10775,7143
1,10838,7164
1,10900,7175
1,10975,7202
1,11000,7220
1,11014,7240
1,11079,7247
1,11169,7253
1,11182,7291
1,11200,7372
1,11234,7442
1,11259,7467
1,11286,7501
1,11311,7524
1,11336,7543
1,11364,7596
1,11376,7642
1,11400,7668
1,11469,7691
1,11493,7706
1,11574,7773
1,11597,7780
1,11643,7785
1,11686,7800
1,11785,7813
1,11800,7830
1,11835,7843
1,11847,7934
1,11900,7944
1,11907,7952
1,11997,7960
1,12000,8140
1,12100,8168
1,12114,8187
1,12203,8217
1,12206,8257
1,12218,8264
1,12228,8276
1,12256,8463
1,12320,8478
1,12321,8496
1,12358,8509
1,12410,8595
1,12425,8911
1,12500,8950
1,12521,8962
1,12627,9145
1,12664,9158
1,12710,9168
1,12721,9234
1,12732,9246
1,12824,9252
1,12828,9269
1,12837,9279
1,12900,9292
1,12942,9315
1,12971,9350
1,13000,9409
1,13046,9422
1,13047,9449
1,13100,9455
1,13150,9481
1,13153,9515
1,13154,9530
1,13186,9543
1,13200,9560
1,13238,9568
1,13258,9579
1,13277,9726
1,13341,9748
1,13444,9800
1,13460,9884
1,13481,9915
1,13500,9926
1,13548,9939
1,13574,10005
1,13583,10044
1,13651,10070
1,13679,10120
1,13700,10132
1,13784,10163
1,13788,10175
1,13875,10229
1,13889,10243
1,13900,10259
1,14000,10396
1,14065,10406
1,14082,10419
1,14094,10432
1,14168,10448
1,14185,10460
1,14205,10483
1,14257,10508
1,14289,10516
1,14298,10549
1,14300,10562
1,14310,10594
1,14400,10668
1,14479,10732
1,14496,10786
1,14500,10810
1,14503,10866
1,14527,10887
1,14582,10916
1,14626,10923
1,14685,10939
1,14700,10952
1,14703,10974
1,14731,11053
1,14789,11082
1,14800,11095
1,14840,11100
1,14892,11217
1,14910,11273
1,14951,11287
1,14996,11308
1,15000,11335
1,15010,11342
1,15047,11355
1,15099,11370
1,15100,11385
1,15115,11405
1,15117,11412
1,15152,11462
1,15190,11482
1,15200,11504
1,15300,11537
1,15306,11568
1,15320,11728
1,15324,11736
1,15400,11794
1,15422,11812
1,15513,11962
1,15524,11980
1,15531,12112
1,15600,12126
1,15626,12150
1,15728,12169
1,15738,12183
1,15783,12328
1,15823,12355
1,15888,12363
1,15899,12384
1,15900,12391
1,15926,12469
1,15932,12506
1,15994,12526
1,16000,12549
1,16030,12564
1,16034,12610
1,16049,12634
1,16133,12684
1,16204,12706
1,16300,12722
1,16341,12746
1,16414,12790
1,16430,12803
1,16440,12819
1,16444,12871
1,16463,12880
1,16547,12923
1,16567,12967
1,16630,12985
1,16647,12997
1,16650,13019
1,16698,13039
1,16700,13081
1,16754,13096
1,16774,13107
1,16800,13117
1,16835,13243
1,16877,13290
1,16900,13325
1,16954,13335
1,17000,13451
1,17046,13474
1,17056,13493
1,17150,13515
1,17200,13539
1,17246,13552
1,17300,13564
1,17362,13699
1,17374,13715
1,17395,13775
1,17467,13816
1,17478,13826
1,17581,13856
1,17602,13889
1,17788,13909
1,17880,13921
1,17888,13985
1,17891,14005
1,17944,14016
1,17975,14034
1,17993,14086
1,18000,14124
1,18078,14145
1,18098,14156
1,18100,14166
1,18120,14178
1,18179,14187
1,18200,14198
1,18202,14213
1,18203,14257
1,18261,14267
1,18305,14316
1,18327,14330
1,18383,14402
1,18409,14427
1,18414,14512
1,18500,14540
1,18550,14553
1,18600,14575
1,18637,14712
1,18658,14721
1,18719,14730
1,18741,14744
1,18800,14750
1,18822,14761
1,18835,14779
1,18926,14808
1,18940,14893
1,18996,14900
1,19000,14970
1,19010,14982
1,19098,14997
1,19110,15010
1,19132,15047
1,19134,15054
1,19150,15092
1,19155,15104
1,19197,15112
1,19200,15170
1,19201,15176
1,19236,15241
1,19259,15270
1,19300,15288
1,19339,15316
1,19361,15329
1,19400,15340
1,19405,15426
1,19487,15442
1,19500,15450
1,19508,15460
1,19571,15472
1,19600,15484
1,19650,15508
1,19673,15569
1,19676,15582
1,19700,15593
1,19729,15607
1,19782,15623
1,19813,15634
1,19856,15650
1,19880,15746
1,19915,15764
1,19992,15778
1,20000,15825
1,20018,15838
1,20097,15845
1,20202,15866
1,20222,15876
1,20300,15908
1,20308,15921
1,20324,15958
1,20373,16024
1,20400,16036
1,20426,16179
1,20477,16200
1,20500,16222
1,20501,16254
1,20623,16261
1,20630,16275
1,20684,16445
1,20708,16532
1,20729,16625
1,20835,16643
1,20891,16659
1,20900,16672
1,20939,16685
1,21000,16838
1,21039,16867
1,21044,16950
1,21097,16982
1,21122,16996
1,21141,17013
1,21243,17030
1,21300,17042
1,21304,17051
1,21380,17067
1,21433,17083
1,21447,17124
1,21511,17152
1,21537,17167
1,21615,17172
1,21635,17192
1,21718,17219
1,21754,17263
1,21800,17270
1,21856,17290
1,21886,17302
1,22000,17325
1,22096,17369
1,22100,17377
1,22130,17389
1,22132,17402
1,22158,17424
1,22202,17437
1,22235,17497
1,22338,17502
1,22365,17559
1,22469,17587
1,22545,17601
1,22572,17630
1,22620,17643
1,22623,17657
1,22700,17680
1,22710,17685
1,22752,17736
1,22779,17843
1,22800,17853
1,22959,17879
1,23000,17943
1,23081,17987
1,23090,18001
1,23149,18095
1,23254,18118
1,23359,18127
1,23388,18148
1,23400,18159
1,23500,18217
1,23579,18284
1,23600,18298
1,23607,18325
1,23786,18479
1,23800,18507
1,23815,18514
1,23900,18530
1,23941,18547
1,23990,18560
1,24000,18682
1,24097,18695
1,24120,18715
1,24201,18780
1,24211,18799
1,24229,18820
1,24306,18828
1,24400,18841
1,24436,18925
1,24500,18948
1,24511,19017
1,24600,19031
1,24700,19043
1,24716,19075
1,24746,19090
1,24777,19104
1,24800,19167
1,24820,19213
1,24832,19228
1,24850,19334
1,25000,19545
1,25057,19570
1,25124,19592
1,25234,19599
1,25253,19708
1,25300,19747
1,25338,19757
1,25400,19783
1,25430,19803
1,25500,19814
1,25533,19853
1,25544,19878
1,25674,19917
1,25855,20038
1,25884,20057
1,25885,20108
1,25886,20132
1,25958,20139
1,25973,20153
1,25989,20181
1,26000,20272
1,26095,20286
1,26145,20318
1,26200,20340
1,26268,20347
1,26300,20361
1,26305,20433
1,26400,20479
1,26452,20496
1,26516,20535
1,26554,20560
1,26621,20573
1,26726,20586
1,26800,20596
1,26817,20612
1,26889,20906
1,26921,20917
1,26962,20948
1,26992,20966
1,27000,21073
1,27024,21081
1,27128,21094
1,27167,21109
1,27252,21122
1,27300,21141
1,27335,21158
1,27357,21246
1,27438,21259
1,27463,21283
1,27542,21295
1,27568,21314
1,27575,21356
1,27606,21398
1,27673,21405
1,27716,21418
1,27800,21438
1,27923,21459
1,27956,21495
1,27989,21535
1,28000,21537
1,28086,21543
1,28100,21566
1,28130,21578
1,28180,21590
1,28199,21638
1,28233,21676
1,28400,21712
1,28410,21738
1,28544,21749
1,28577,21760
1,28595,21769
1,28596,21855
1,28650,21867
1,28725,21897
1,28750,21910
1,28760,21928
1,28801,21937
1,28898,21949
1,28957,21979
1,28992,22072
1,29000,22126
1,29106,22134
1,29107,22149
1,29164,22165
1,29205,22171
1,29311,22185
1,29371,22192
1,29406,22214
1,29462,22226
1,29474,22239
1,29567,22252
1,29618,22278
1,29681,22304
1,29700,22316
1,29720,22328
1,29785,22339
1,29800,22371
1,29820,22377
1,29822,22392
1,29841,22407
1,29988,22429
1,29991,22441
1,30000,22663
1,30027,22764
1,30100,22776
1,30198,22827
1,30230,22839
1,30231,22850
1,30300,22867
1,30304,22889
1,30338,22929
1,30430,22943
1,30500,22970
1,30514,23016
1,30545,23051
1,30619,23059
1,30639,23142
1,30648,23161
1,30752,23176
1,30855,23187
1,30902,23202
1,30959,23220
1,31000,23229
1,31026,23473
1,31062,23759
1,31100,23774
1,31166,23781
1,31200,23793
1,31356,23825
1,31456,23848
1,31543,23862
1,31566,24153
1,31646,24183
1,31660,24229
1,31700,24247
1,31853,24255
1,31865,24318
1,31987,24339
1,32000,24370
1,32060,24555
1,32069,24592
1,32098,24607
1,32163,24625
1,32267,24635
1,32473,24648
1,32512,24662
1,32515,24675
1,32536,24687
1,32577,24701
1,32619,24712
1,32682,24786
1,32719,24821
1,32784,24843
1,32800,24853
1,32823,24862
1,32825,24869
1,32829,24901
1,32840,24921
1,32900,24928
1,33000,24949
1,33090,24973
1,33094,25040
1,33133,25155
1,33192,25167
1,33208,25182
1,33444,25205
1,33508,25238
1,33547,25253
1,33600,25291
1,33611,25329
1,33642,25334
1,33651,25342
1,33671,25482
1,33703,25524
1,33921,25553
1,33962,25582
1,33986,25593
1,33991,25606
1,34000,25673
1,34112,25689
1,34128,25918
1,34138,25936
1,34169,25975
1,34295,25996
1,34300,26008
1,34310,26031
1,34438,26050
1,34500,26062
1,34540,26073
1,34622,26095
1,34645,26104
1,34723,26249
1,34724,26277
1,34790,26328
1,34900,26339
1,34933,26371
1,34956,26396
1,34997,26408
1,35000,26523
1,35162,26572
1,35204,26583
1,35308,26615
1,35369,26628
1,35439,26653
1,35500,26669
1,35565,26741
1,35590,26752
1,35643,26758
1,35670,26775
1,35746,26870
1,35775,26918
1,35783,26938
1,35796,26951
1,35886,26968
1,35900,26983
1,35950,26992
1,35986,27005
1,35990,27010
1,36000,27065
1,36091,27081
1,36197,27121
1,36240,27227
1,36256,27233
1,36300,27250
1,36343,27266
1,36400,27286
1,36512,27297
1,36610,27307
1,36617,27318
1,36654,27339
1,36700,27354
1,36767,27424
1,36827,27541
1,36920,27583
1,36971,27604
1,36975,27623
1,37000,27724
1,37175,27736
1,37231,27862
1,37275,27919
1,37278,27926
1,37306,27936
1,37438,27955
1,37500,27967
1,37541,27981
1,37564,28003
1,37686,28030
1,37689,28076
1,37788,28092
1,37800,28149
1,37880,28163
1,37900,28175
1,37955,28177
1,37985,28199
1,37986,28222
1,38000,28281
1,38100,28297
1,38207,28322
1,38265,28429
1,38300,28442
1,38310,28490
1,38401,28535
1,38500,28549
1,38700,28563
1,38725,28571
1,38800,28583
1,38810,28629
1,38885,28646
1,38932,28734
1,39000,28788
1,39060,28805
1,39139,28815
1,39196,28827
1,39218,28836
1,39299,28962
1,39346,28989
1,39398,29003
1,39507,29019
1,39553,29040
1,39656,29062
1,39760,29071
1,39774,29104
1,39816,29120
1,39831,29160
1,39863,29172
1,39920,29180
1,39984,29237
1,40000,29512
1,40020,29519
1,40137,29533
1,40174,29547
1,40250,29555
1,40278,29579
1,40333,29625
1,40488,29640
1,40500,29654
1,40800,29667
1,40826,29681
1,40852,29726
1,40902,29752
1,40931,29765
1,40954,29779
1,41036,29819
1,41056,29829
1,41161,29840
1,41200,29852
1,41264,29866
1,41367,29996
1,41417,30236
1,41500,30253
1,41669,30281
1,41873,30312
1,41878,30324
1,41885,30331
1,41934,30346
1,42000,30379
1,42088,30469
1,42194,30486
1,42257,30494
1,42286,30510
1,42400,30517
1,42402,30533
1,42452,30552
1,42486,30565
1,42615,30597
1,42800,30608
1,42895,30647
1,42900,30664
1,42919,30678
1,42930,30691
1,43000,30706
1,43020,30728
1,43141,30776
1,43222,30788
1,43229,30801
1,43436,30853
1,43487,30993
1,43600,31022
1,43610,31034
1,43611,31053
1,43643,31065
1,43695,31129
1,43712,31163
1,43746,31178
1,43800,31212
1,43916,31235
1,44000,31264
1,44005,31285
1,44056,31295
1,44120,31318
1,44193,31361
1,44222,31373
1,44400,31379
1,44470,31389
1,44523,31492
1,44730,31499
1,44832,31505
1,44833,31524
1,44937,31550
1,45000,31639
1,45194,31673
1,45245,31697
1,45248,31713
1,45346,31731
1,45448,31743
1,45504,31772
1,45558,31792
1,45600,31804
1,45876,31815
1,45918,31828
1,45959,31981
1,45982,31988
1,46000,32008
1,46010,32032
1,46061,32053
1,46297,32106
1,46332,32113
1,46403,32140
1,46538,32189
1,46594,32260
1,46700,32275
1,46800,32294
1,47008,32312
1,47087,32319
1,47350,32432
1,47400,32444
1,47500,32459
1,47526,32489
1,47573,32522
1,47593,32534
1,47629,32564
1,47800,32598
1,48000,32612
1,48001,32728
1,48110,32735
1,48206,32747
1,48402,32759
1,48507,32777
1,48607,32870
1,48665,32891
1,48768,32906
1,48872,32939
1,49023,33019
1,49033,33032
1,49454,33046
1,49500,33070
1,49641,33138
1,49664,33161
1,49669,33173
1,49700,33187
1,49710,33196
1,50000,33346
1,50158,33360
1,50190,33374
1,50218,33386
1,50300,33400
1,50321,33412
1,50405,33443
1,50452,33462
1,50506,33528
1,50611,33536
1,50657,33548
1,50735,33567
1,51000,33587
1,51065,33631
1,51089,33662
1,51253,33683
1,51357,33697
1,51372,33704
1,51475,33754
1,51503,33772
1,51558,33784
1,51709,33904
1,51771,34003
1,52000,34075
1,52084,34087
1,52086,34117
1,52393,34127
1,52611,34221
1,52744,34246
1,52754,34256
1,52801,34280
1,52806,34287
1,52821,34308
1,52837,34327
1,53000,34362
1,53108,34413
1,53117,34436
1,53158,34442
1,53663,34470
1,53673,34494
1,53721,34507
1,53772,34527
1,53800,34539
1,53842,34569
1,53985,34589
1,54000,34712
1,54080,34735
1,54129,34755
1,54191,34767
1,54347,34775
1,54398,34804
1,54399,34816
1,54509,34824
1,54670,34837
1,54715,34878
1,54812,34894
1,54925,34906
1,55040,34928
1,55150,34944
1,55308,34967
1,55329,34986
1,55457,34995
1,55557,35018
1,55767,35055
1,55800,35072
1,55967,35080
1,56000,35094
1,56172,35160
1,56239,35186
1,56376,35196
1,56549,35211
1,56714,35222
1,56819,35267
1,56880,35324
1,56925,35334
1,56948,35353
1,56979,35360
1,57000,35405
1,57191,35412
1,57193,35427
1,57300,35438
1,57499,35459
1,57811,35467
1,57872,35510
1,58000,35552
1,58010,35559
1,58082,35572
1,58121,35589
1,58200,35613
1,58214,35685
1,58300,35694
1,58503,35719
1,58700,35730
1,58800,35742
1,58949,35785
1,59019,35812
1,59039,35831
1,59133,35847
1,59236,35872
1,59259,35884
1,59466,35897
1,59542,35910
1,59743,35924
1,59766,35933
1,59983,35951
1,60000,36013
1,60010,36026
1,60054,36062
1,60186,36074
1,60416,36098
1,60500,36121
1,60768,36162
1,61028,36170
1,61186,36178
1,61278,36330
1,61344,36343
1,61524,36399
1,61607,36410
1,62000,36430
1,62051,36469
1,62080,36482
1,62125,36674
1,62291,36701
1,62504,36710
1,63000,36749
1,63027,36771
1,63133,36919
1,63160,36952
1,63200,36967
1,63259,36979
1,63343,36992
1,63627,37004
1,63659,37012
1,63782,37025
1,64000,37031
1,64138,37040
1,64185,37052
1,64196,37148
1,65000,37231
1,65154,37250
1,65231,37271
1,65363,37303
1,65900,37315
1,65995,37324
1,66059,37337
1,66188,37353
1,66267,37360
1,66289,37372
1,66710,37391
1,66895,37408
1,66921,37422
1,67000,37462
1,67026,37470
1,67222,37520
1,67302,37535
1,67342,37547
1,68183,37561
1,68394,37635
1,68529,37642
1,69291,37668
1,69394,37681
1,70000,37732
1,70098,37738
1,70200,37747
1,70325,37779
1,70408,37802
1,70470,37818
1,70498,37826
1,70776,37836
1,70842,37851
1,71000,37869
1,71393,37876
1,71444,37886
1,71491,37920
1,71550,37934
1,71600,37980
1,72000,37987
2,0,742
2,210,752
2,214,786
2,300,814
2,306,826
2,518,850
2,569,872
2,1157,908
2,1563,918
2,1700,940
2,1862,956
2,1940,980
2,2071,994
2,2500,1036
2,2600,1048
2,3000,1108
2,3064,1130
2,3103,1172
2,3135,1216
2,3268,1280
2,3575,1336
2,3600,1362
2,3620,1404
2,3677,1436
2,3900,1486
2,3935,1506
2,4000,1550
2,4033,1578
2,4137,1636
2,4600,1666
2,4763,1686
2,5177,1724
2,5229,1750
2,5281,1888
2,5800,1910
2,6164,1964
2,6205,1984
2,6212,2064
2,6515,2094
2,6734,2136
2,6741,2230
2,7041,2310
2,7047,2382
2,7353,2420
2,7365,2436
2,7559,2502
2,7576,2576
2,8000,2596
2,8067,2660
2,8068,2720
2,8076,2778
2,8170,2806
2,8207,2834
2,8240,2868
2,8400,2924
2,8418,3156
2,8581,3176
2,8700,3212
2,8791,3364
2,8839,3392
2,8944,3414
2,9000,3458
2,9008,3506
2,9101,3524
2,9192,3642
2,9215,3670
2,9294,3698
2,9297,3720
2,9308,3792
2,9319,3834
2,9491,3860
2,9907,3934
2,9940,4016
2,10000,4066
2,10044,4190
2,10100,4230
2,10111,4250
2,10213,4502
2,10295,4530
2,10342,4556
2,10417,4626
2,10962,4636
2,11090,4652
2,11169,4680
2,11479,4696
2,11493,4708
2,11597,4752
2,11600,4774
2,11847,4798
2,11858,4822
2,12114,4836
2,12154,4860
2,12256,4918
2,12311,5026
2,12358,5042
2,12410,5100
2,12425,5210
2,12521,5238
2,12532,5266
2,12627,5292
2,12732,5360
2,12900,5406
2,12971,5418
2,13000,5540
2,13073,5566
2,13200,5638
2,13444,5664
2,13468,5688
2,13734,5726
2,13869,5754
2,13890,5788
2,13992,5798
2,14000,5848
2,14300,5890
2,14303,5914
2,14310,5932
2,14479,6048
2,14496,6266
2,14521,6298
2,14600,6336
2,14707,6380
2,14720,6438
2,14731,6590
2,14800,6608
2,14806,6636
2,14892,6656
2,14996,6688
2,15000,6822
2,15110,6842
2,15152,6860
2,15320,6876
2,15362,6936
2,15422,6958
2,15428,7000
2,15513,7092
2,15531,7158
2,15616,7212
2,15720,7368
2,15783,7394
2,15926,7426
2,15932,7470
2,16000,7522
2,16025,7550
2,16030,7570
2,16133,7600
2,16308,7650
2,16341,7684
2,16400,7790
2,16440,7810
2,16444,7834
2,16463,7866
2,16500,7890
2,16520,7972
2,16547,8012
2,16567,8342
2,16650,8364
2,16749,8374
2,16754,8384
2,16961,8396
2,16981,8402
2,17056,8428
2,17064,8448
2,17084,8468
2,17256,8502
2,17271,8530
2,17374,8684
2,17395,8720
2,17464,8740
2,17499,8758
2,17566,8778
2,17581,8804
2,17600,8830
2,17602,8850
2,17800,8878
2,17888,9130
2,17913,9158
2,17975,9278
2,18000,9318
2,18010,9360
2,18202,9466
2,18224,9484
2,18308,9510
2,18383,9532
2,18409,9566
2,18512,9600
2,18584,9672
2,18588,9686
2,18600,9754
2,18637,9814
2,18719,9832
2,18822,9868
2,18940,9952
2,18992,9978
2,19000,10162
2,19052,10266
2,19100,10290
2,19150,10326
2,19259,10360
2,19400,10404
2,19405,10498
2,19466,10586
2,19507,10626
2,19650,10656
2,19673,10688
2,20000,10996
2,20087,11038
2,20097,11058
2,20167,11150
2,20270,11180
2,20300,11192
2,20308,11220
2,20413,11234
2,20426,11478
2,20684,11550
2,20700,11562
2,20708,11592
2,20719,11636
2,20812,11652
2,20835,11690
2,20915,11694
2,21019,11742
2,21039,11778
2,21044,12058
2,21097,12090
2,21202,12112
2,21300,12148
2,21304,12170
2,21330,12188
2,21360,12256
2,21447,12388
2,21500,12432
2,21511,12452
2,21532,12476
2,21537,12488
2,21550,12640
2,21570,12660
2,21718,12822
2,21744,12944
2,21754,12980
2,21781,13054
2,21800,13080
2,21900,13102
2,22096,13284
2,22264,13306
2,22290,13326
2,22469,13356
2,22545,13390
2,22572,13466
2,22673,13534
2,22676,13586
2,22779,13668
2,22800,13712
2,22979,13740
2,23038,13768
2,23071,13788
2,23286,13798
2,23359,13824
2,23490,13870
2,23579,13906
2,23675,13934
2,23786,14022
2,23800,14046
2,23815,14090
2,23885,14290
2,23890,14320
2,23900,14352
2,23990,14378
2,24000,14668
2,24103,14688
2,24201,14748
2,24229,14814
2,24300,14836
2,24303,14878
2,24332,14904
2,24389,14948
2,24436,14980
2,24511,15106
2,24600,15120
2,24700,15138
2,24716,15162
2,24727,15182
2,24820,15328
2,24832,15356
2,24840,15394
2,24850,15420
2,24924,15462
2,24940,15488
2,25000,15572
2,25022,15622
2,25200,15672
2,25253,15718
2,25368,15750
2,25441,15768
2,25533,15818
2,25648,15842
2,25674,15860
2,25737,15902
2,25751,15936
2,25792,15976
2,25800,16050
2,25885,16070
2,25990,16102
2,26000,16168
2,26100,16248
2,26200,16294
2,26237,16306
2,26305,16444
2,26350,16478
2,26431,16504
2,26500,16552
2,26507,16576
2,26516,16606
2,26554,16630
2,26600,16654
2,26630,16676
2,26921,16708
2,26926,16748
2,26937,17002
2,27100,17032
2,27323,17062
2,27335,17110
2,27357,17272
2,27371,17306
2,27509,17322
2,27542,17338
2,27613,17374
2,27800,17412
2,27820,17430
2,27882,17450
2,27923,17476
2,27984,17608
2,27989,17658
2,28000,17712
2,28086,17810
2,28100,17834
2,28130,17870
2,28160,17900
2,28370,17932
2,28392,17950
2,28400,17982
2,28410,18106
2,28420,18134
2,28494,18158
2,28544,18192
2,28557,18214
2,28577,18232
2,28595,18276
2,28596,18376
2,28600,18400
2,28700,18448
2,28712,18496
2,28907,18518
2,28936,18546
2,28992,18594
2,29005,18632
2,29041,18678
2,29061,18728
2,29107,18806
2,29400,18828
2,29414,18856
2,29462,18884
2,29509,18986
2,29550,19082
2,29567,19108
2,29600,19134
2,29613,19154
2,29618,19194
2,29681,19234
2,29820,19278
2,29888,19294
2,29991,19370
2,30000,19422
2,30093,19500
2,30131,19528
2,30200,19548
2,30262,19560
2,30333,19582
2,30400,19606
2,30514,19672
2,30545,19716
2,30639,20006
2,30715,20154
2,30830,20282
2,30843,20322
2,30935,20340
2,30945,20370
2,31000,20384
2,31026,20614
2,31129,20626
2,31166,20684
2,31190,20706
2,31300,20746
2,31336,20784
2,31356,20828
2,31409,20974
2,31439,21000
2,31477,21070
2,31543,21228
2,31566,21254
2,31660,21292
2,31684,21332
2,31770,21352
2,31777,21368
2,31787,21394
2,31800,21420
2,31891,21432
2,31994,21476
2,32000,21548
2,32098,21574
2,32163,21614
2,32171,21636
2,32200,21696
2,32201,21764
2,32273,21810
2,32305,21834
2,32370,21878
2,32375,21894
2,32400,21986
2,32408,22014
2,32512,22064
2,32513,22136
2,32600,22160
2,32619,22188
2,32682,22468
2,32719,22492
2,32784,22530
2,32800,22578
2,32815,22604
2,32829,22636
2,32887,22650
2,32900,22674
2,32926,22700
2,32991,22806
2,33090,22850
2,33094,22870
2,33110,22900
2,33145,22970
2,33237,22992
2,33292,23008
2,33294,23084
2,33300,23112
2,33404,23148
2,33618,23176
2,33651,23194
2,33671,23352
2,33800,23374
2,33818,23402
2,33881,23428
2,33907,23442
2,33986,23474
2,34000,23598
2,34065,23616
2,34100,23628
2,34128,23788
2,34169,23846
2,34197,23928
2,34232,23942
2,34272,23968
2,34335,23980
2,34407,24024
2,34513,24026
2,34542,24036
2,34686,24068
2,34723,24114
2,34724,24136
2,34852,24168
2,34893,24220
2,34900,24244
2,34956,24258
2,34997,24312
2,35000,24406
2,35144,24448
2,35162,24556
2,35204,24592
2,35235,24638
2,35249,24666
2,35354,24680
2,35473,24708
2,35500,24790
2,35515,24884
2,35565,24908
2,35638,24960
2,35722,25046
2,35746,25086
2,35783,25116
2,35990,25128
2,36000,25206
2,36197,25246
2,36240,25288
2,36256,25360
2,36300,25396
2,36301,25412
2,36358,25436
2,36400,25480
2,36507,25502
2,36617,25544
2,36662,25584
2,36767,25704
2,36827,25770
2,36828,25796
2,36933,25850
2,36971,25862
2,37000,25926
2,37068,25976
2,37100,25978
2,37143,26034
2,37220,26064
2,37231,26092
2,37248,26110
2,37275,26344
2,37278,26370
2,37430,26424
2,37482,26466
2,37512,26504
2,37541,26540
2,37575,26556
2,37600,26600
2,37644,26624
2,37748,26642
2,37779,26680
2,37793,26762
2,37880,27018
2,37921,27048
2,38000,27108
2,38037,27132
2,38050,27158
2,38058,27170
2,38095,27200
2,38162,27244
2,38265,27266
2,38299,27298
2,38300,27344
2,38400,27382
2,38430,27402
2,38503,27462
2,38511,27530
2,38523,27566
2,38600,27596
2,38621,27654
2,38721,27704
2,38725,27732
2,38782,27776
2,38810,27874
2,38827,27946
2,38828,28064
2,38912,28094
2,38932,28128
2,38989,28144
2,39035,28172
2,39037,28222
2,39142,28252
2,39216,28270
2,39247,28300
2,39284,28316
2,39299,28378
2,39346,28528
2,39400,28634
2,39500,28656
2,39524,28684
2,39816,28704
2,39831,28790
2,39863,28816
2,39920,28860
2,39933,28886
2,40000,29016
2,40023,29056
2,40126,29086
2,40174,29110
2,40381,29328
2,40405,29356
2,40500,29378
2,40600,29402
2,40648,29428
2,40721,29456
2,40795,29486
2,40852,29540
2,40900,29614
2,41000,29700
2,41036,29720
2,41100,29758
2,41106,29792
2,41200,29818
2,41261,29844
2,41264,29920
2,41300,29944
2,41312,29966
2,41367,30140
2,41373,30184
2,41417,30342
2,41562,30384
2,41669,30418
2,41727,30436
2,41873,30452
2,41878,30496
2,41889,30518
2,42000,30578
2,42088,30758
2,42172,30812
2,42180,30842
2,42195,30872
2,42221,30898
2,42245,30940
2,42348,30970
2,42384,31004
2,42402,31026
2,42452,31056
2,42509,31130
2,42600,31154
2,42712,31186
2,42815,31222
2,42895,31328
2,42997,31356
2,43000,31426
2,43022,31448
2,43145,31474
2,43200,31516
2,43385,31538
2,43405,31560
2,43436,31586
2,43437,31610
2,43487,31636
2,43500,31662
2,43562,31710
2,43600,31746
2,43610,31770
2,43643,31792
2,43663,31822
2,43695,31870
2,43712,31886
2,43850,31928
2,43906,31960
2,43916,32006
2,44000,32108
2,44118,32158
2,44120,32184
2,44193,32310
2,44212,32350
2,44222,32382
2,44263,32408
2,44316,32484
2,44400,32504
2,44403,32536
2,44427,32562
2,44460,32600
2,44470,32752
2,44500,32772
2,44519,32792
2,44523,32972
2,44730,33004
2,44835,33024
2,44900,33042
2,44937,33092
2,44960,33120
2,44987,33152
2,45000,33212
2,45041,33240
2,45100,33278
2,45144,33318
2,45150,33348
2,45194,33362
2,45244,33388
2,45245,33462
2,45300,33488
2,45350,33512
2,45456,33550
2,45558,33636
2,45666,33678
2,45711,33700
2,45771,33726
2,45800,33758
2,45876,33818
2,45918,33846
2,45959,33950
2,45982,34000
2,46163,34026
2,46180,34056
2,46297,34134
2,46332,34160
2,46469,34180
2,46490,34208
2,46500,34278
2,46538,34610
2,46571,34656
2,46594,34812
2,46697,34836
2,46745,34884
2,46823,34906
2,46904,34972
2,46929,35068
2,46980,35084
2,47000,35126
2,47111,35162
2,47159,35178
2,47300,35198
2,47350,35254
2,47388,35270
2,47422,35326
2,47455,35344
2,47500,35370
2,47593,35418
2,47676,35440
2,47779,35506
2,47797,35540
2,47836,35568
2,47850,35606
2,47876,35638
2,47899,35670
2,48000,35774
2,48001,35920
2,48103,35946
2,48147,35972
2,48200,35988
2,48400,36022
2,48402,36080
2,48410,36114
2,48507,36142
2,48607,36186
2,48665,36280
2,48768,36298
2,48803,36320
2,48818,36352
2,48823,36394
2,48900,36414
2,48920,36448
2,49000,36498
2,49023,36644
2,49079,36674
2,49093,36712
2,49124,36742
2,49227,36856
2,49331,36884
2,49362,36902
2,49454,36926
2,49493,36940
2,49500,36968
2,49533,37012
2,49600,37054
2,49641,37148
2,49700,37368
2,49800,37406
2,49875,37438
2,49980,37464
2,50000,37560
2,50011,37578
2,50044,37632
2,50055,37652
2,50085,37674
2,50100,37698
2,50158,37718
2,50200,37746
2,50400,37774
2,50401,37802
2,50452,37824
2,50506,37930
2,50675,38052
2,50735,38096
2,50942,38140
2,50963,38150
2,51000,38242
2,51065,38546
2,51089,38592
2,51150,38650
2,51167,38714
2,51253,38748
2,51348,38768
2,51382,38798
2,51558,38872
2,51576,38910
2,51700,38932
2,51709,39200
2,51771,39448
2,51780,39486
2,51800,39588
2,51874,39632
2,51979,39668
2,52000,39740
2,52020,39754
2,52032,39782
2,52086,39808
2,52123,39912
2,52190,39962
2,52226,39986
2,52288,39998
2,52291,40020
2,52393,40046
2,52400,40062
2,52500,40076
2,52597,40120
2,52599,40164
2,52611,40216
2,52613,40244
2,52653,40270
2,52800,40284
2,52801,40326
2,52806,40418
2,52847,40432
2,52900,40506
2,52910,40532
2,52926,40558
2,53000,40614
2,53013,40690
2,53108,40916
2,53130,40942
2,53137,41030
2,53312,41068
2,53324,41108
2,53347,41136
2,53467,41160
2,53500,41188
2,53516,41216
2,53550,41246
2,53600,41276
2,53663,41348
2,53738,41422
2,53778,41590
2,53779,41640
2,53842,41670
2,53873,41698
2,53881,41728
2,53945,41816
2,53966,41840
2,54000,41856
2,54049,41898
2,54129,42054
2,54140,42080
2,54152,42124
2,54231,42148
2,54333,42170
2,54400,42186
2,54566,42224
2,54709,42260
2,54715,42428
2,54770,42482
2,54812,42564
2,54820,42656
2,54877,42754
2,54925,42780
2,54929,42814
2,54946,42838
2,55000,42864
2,55019,42878
2,55122,42890
2,55150,43020
2,55188,43052
2,55200,43068
2,55291,43072
2,55329,43124
2,55380,43136
2,55395,43162
2,55452,43190
2,55661,43216
2,55662,43230
2,55700,43254
2,55763,43304
2,55912,43454
2,55967,43484
2,56000,43508
2,56053,43526
2,56119,43550
2,56156,43588
2,56172,43898
2,56223,43924
2,56293,43972
2,56300,44060
2,56467,44082
2,56478,44108
2,56500,44130
2,56600,44158
2,56741,44182
2,56819,44444
2,56880,44568
2,56948,44774
2,57000,44882
2,57051,44910
2,57087,44940
2,57100,44960
2,57132,45016
2,57135,45064
2,57193,45152
2,57200,45174
2,57258,45228
2,57293,45272
2,57294,45402
2,57300,45448
2,57362,45462
2,57466,45476
2,57500,45508
2,57501,45570
2,57556,45608
2,57602,45722
2,57700,45766
2,57708,45782
2,57770,45796
2,57776,45852
2,57800,45864
2,57872,46062
2,57977,46106
2,57983,46142
2,58000,46170
2,58018,46196
2,58082,46220
2,58190,46286
2,58214,46320
2,58397,46346
2,58501,46378
2,58521,46400
2,58600,46440
2,58713,46462
2,58742,46476
2,58800,46498
2,58812,46564
2,58924,46634
2,58929,46664
2,58949,46748
2,59000,46796
2,59019,46822
2,59031,46872
2,59052,46894
2,59122,46924
2,59134,47044
2,59200,47110
2,59236,47480
2,59239,47506
2,59345,47534
2,59400,47578
2,59433,47612
2,59503,47640
2,59536,47646
2,59555,47676
2,59569,47700
2,59600,47720
2,59640,47746
2,59766,47772
2,59800,47794
2,59951,47886
2,59976,47978
2,60000,48166
2,60054,48192
2,60104,48240
2,60155,48268
2,60186,48294
2,60257,48322
2,60308,48346
2,60359,48382
2,60418,48432
2,60563,48458
2,60572,48502
2,60665,48540
2,60713,48566
2,60818,48612
2,61000,48674
2,61017,48774
2,61224,48788
2,61278,48926
2,61344,48952
2,61400,48986
2,61431,49040
2,61482,49070
2,61491,49118
2,61504,49136
2,61554,49178
2,61607,49218
2,61638,49276
2,61711,49312
2,61800,49330
2,62000,49352
2,62031,49368
2,62051,49528
2,62080,49608
2,62082,49626
2,62125,49676
2,62291,49702
2,62300,49728
2,62384,49754
2,62396,49798
2,62402,49820
2,62436,49834
2,62504,49866
2,62600,49888
2,62607,49918
2,62708,49944
2,62775,49968
2,62810,49990
2,62930,50014
2,63000,50156
2,63020,50178
2,63085,50316
2,63133,50460
2,63160,50628
2,63238,50656
2,63264,50686
2,63321,50812
2,63326,50836
2,63367,50872
2,63375,50898
2,63437,50924
2,63471,50964
2,63530,50988
2,63595,51034
2,63600,51056
2,63700,51070
2,64100,51074
2,64138,51114
2,64300,51128
2,64342,51146
2,64395,51172
2,64400,51240
2,64546,51256
2,64658,51282
2,64740,51332
2,64771,51348
2,64800,51372
2,64844,51406
2,65000,51468
2,65128,51544
2,65154,51636
2,65231,51706
2,65237,51804
2,65300,51844
2,65342,51882
2,65361,51896
2,65568,51934
2,65772,51966
2,65774,51980
2,65900,52004
2,65976,52030
2,65981,52056
2,66111,52090
2,66188,52198
2,66289,52224
2,66291,52250
2,66386,52290
2,66395,52306
2,66500,52352
2,66600,52378
2,66681,52402
2,66705,52424
2,66722,52470
2,66921,52502
2,66940,52532
2,67100,52574
2,67131,52602
2,67222,52736
2,67236,52750
2,67302,52846
2,67326,52874
2,67333,52902
2,67342,52966
2,67406,52984
2,67552,53070
2,67636,53098
2,67739,53146
2,67843,53184
2,67868,53208
2,67871,53244
2,67973,53294
2,68000,53328
2,68050,53370
2,68121,53396
2,68183,53424
2,68256,53436
2,68337,53572
2,68394,53600
2,68427,53628
2,68468,53658
2,68500,53674
2,68544,53704
2,68670,53758
2,68674,53786
2,68752,53816
2,68773,53828
2,68800,53876
2,68836,53900
2,68855,53904
2,68877,53954
2,68980,53978
2,69040,54010
2,69142,54034
2,69166,54060
2,69291,54224
2,69341,54248
2,69347,54264
2,69394,54292
2,69446,54430
2,69449,54620
2,69476,54650
2,69551,54690
2,69600,54770
2,69755,54802
2,69762,54832
2,69800,54860
2,69891,54890
2,70000,55006
2,70061,55218
2,70182,55232
2,70221,55266
2,70288,55294
2,70325,55378
2,70408,55410
2,70470,55456
2,70498,55622
2,70615,55652
2,70700,55700
2,70709,55728
2,70738,55750
2,70878,55788
2,70981,55816
2,71000,55828
2,71029,55906
2,71083,55972
2,71172,55998
2,71200,56028
2,71220,56064
2,71287,56104
2,71359,56126
2,71444,56142
2,71445,56162
2,71491,56374
2,71500,56412
2,71530,56436
2,71550,56476
2,71700,56496
2,71876,56530
2,72000,56588
3,0,939
3,255,1002
3,725,1104
3,1242,1152
3,2145,1176
3,2199,1236
3,2525,1275
3,2641,1323
3,3313,1359
3,3683,1395
3,3935,1455
3,4100,1479
3,4209,1773
3,4800,1911
3,5051,1986
3,5171,2100
3,5300,2247
3,5384,2283
3,5413,2313
3,6161,2364
3,6212,2418
3,6730,2469
3,7155,2508
3,7239,2607
3,7446,2640
3,7471,2736
3,7860,2862
3,8102,2904
3,8681,3111
3,8697,3231
3,8700,3264
3,8791,3327
3,8800,3414
3,8894,3534
3,8944,3588
3,9000,3699
3,9101,3768
3,9192,3822
3,9200,3843
3,9680,3885
3,11376,3921
3,11469,3960
3,12256,4113
3,12307,4140
3,12425,4227
3,12839,4275
3,12942,4311
3,13277,4485
3,13359,4524
3,13444,4542
3,13460,4575
3,13679,4611
3,13992,4632
3,14000,4707
3,14065,4761
3,14298,4929
3,15000,5187
3,15115,5253
3,15152,5349
3,15200,5400
3,15320,5598
3,15513,5784
3,15531,5946
3,15994,5976
3,16000,6093
3,16030,6135
3,16256,6159
3,16567,6213
3,16613,6279
3,16835,6324
3,17100,6531
3,17361,6636
3,17362,6795
3,17700,6825
3,17888,6963
3,18000,6999
3,18016,7098
3,18615,7173
3,18940,7317
3,19255,7353
3,19609,7440
3,19673,7554
3,19800,7617
3,19856,7650
3,19984,7689
3,20097,7776
3,20120,7812
3,20191,7836
3,20202,7857
3,20273,7887
3,20481,7932
3,20501,7977
3,20508,8019
3,20684,8166
3,20708,8433
3,20834,8493
3,21044,8610
3,21433,8682
3,21447,8733
3,21500,8778
3,21615,8862
3,21733,8913
3,21800,8925
3,21847,8946
3,22469,9015
3,22517,9129
3,22779,9141
3,22833,9186
3,22959,9414
3,23149,9588
3,23490,9714
3,23675,9741
3,23815,10023
3,24000,10212
3,24001,10254
3,24229,10275
3,24332,10329
3,24407,10350
3,24420,10371
3,24436,10425
3,24600,10458
3,24850,10734
3,25000,10848
3,25148,10890
3,25253,10965
3,25569,10998
3,25635,11043
3,25839,11103
3,25885,11196
3,26043,11307
3,26145,11343
3,26268,11382
3,26305,11658
3,26817,11691
3,26889,11727
3,26921,11835
3,27000,11880
3,27303,12123
3,27335,12165
3,27357,12201
3,27542,12258
3,27575,12300
3,27592,12345
3,27677,12381
3,27716,12432
3,27956,12480
3,28000,12693
3,28233,12729
3,28300,12762
3,28596,12873
3,28699,12984
3,28936,13008
3,28957,13053
3,28992,13101
3,29311,13272
3,29474,13287
3,29578,13422
3,29618,13647
3,30000,13779
3,30234,13797
3,30435,13887
3,30639,14091
3,30752,14130
3,31000,14160
3,31062,14568
3,31336,14604
3,31660,14688
3,31672,14721
3,31700,14766
3,31865,14814
3,32069,14850
3,32098,14889
3,32198,14928
3,32200,14946
3,32267,14988
3,32273,15108
3,32375,15144
3,32500,15210
3,32600,15240
3,32682,15411
3,33000,15444
3,33100,15507
3,33145,15612
3,33250,15651
3,33576,15687
3,33611,15738
3,33715,15828
3,33805,15903
3,33818,15921
3,34000,16011
3,34025,16053
3,34128,16098
3,34169,16137
3,34214,16347
3,34418,16467
3,34878,16491
3,34893,16518
3,35000,16554
3,35162,16800
3,35722,16872
3,35746,17013
3,35775,17151
3,35825,17199
3,35848,17241
3,36160,17277
3,36197,17319
3,36200,17358
3,36240,17457
3,36343,17487
3,36665,17556
3,36722,17646
3,36799,17679
3,36827,17721
3,37000,17832
3,37171,17856
3,37200,17886
3,37482,17919
3,37500,17994
3,37564,18060
3,37788,18105
3,38000,18219
3,38265,18258
3,38299,18294
3,38401,18354
3,38700,18525
3,38827,18561
3,38932,18594
3,39000,18600
3,39128,18666
3,39299,18687
3,39320,18708
3,39346,18816
3,39400,18852
3,39500,18963
3,39631,19023
3,39774,19059
3,39831,19095
3,39863,19131
3,39879,19194
3,39967,19221
3,40023,19257
3,40100,19332
3,40300,19407
3,40333,19524
3,40381,19584
3,40485,19623
3,40500,19680
3,40800,19725
3,40852,19956
3,40903,20064
3,41000,20157
3,41056,20220
3,41417,20277
3,41669,20310
3,41873,20349
3,41934,20460
3,41988,20478
3,42088,20520
3,42299,20559
3,42384,20727
3,42412,20799
3,42452,20961
3,42505,21003
3,42609,21048
3,42800,21117
3,43204,21156
3,43436,21183
3,43487,21228
3,43814,21264
3,43916,21291
3,44403,21333
3,44523,21405
3,44730,21441
3,44733,21510
3,44835,21534
3,44863,21555
3,44900,21648
3,44937,21690
3,45200,21723
3,45245,21765
3,45382,21807
3,45401,21930
3,45448,21978
3,45600,22002
3,45754,22044
3,45765,22092
3,45771,22131
3,45800,22320
3,45959,22443
3,46076,22503
3,46125,22533
3,46538,22650
3,46594,22869
3,46642,22914
3,46980,22974
3,47184,22992
3,47300,23040
3,47366,23070
3,47986,23136
3,48086,23163
3,48147,23274
3,48659,23298
3,49000,23427
3,49023,23670
3,49200,23727
3,49434,23835
3,49641,23958
3,49700,24048
3,49900,24081
3,49980,24216
3,50000,24402
3,50011,24441
3,50044,24495
3,50055,24555
3,50262,24579
3,50363,24585
3,50735,24657
3,50861,24690
3,51000,24717
3,51089,24825
3,51576,24930
3,51709,25008
3,51771,25089
3,51978,25152
3,51984,25176
3,52000,25371
3,52081,25392
3,52226,25455
3,52496,25500
3,52537,25527
3,52600,25551
3,52611,25755
3,53108,25830
3,53324,25992
3,53347,26034
3,53452,26067
3,53663,26121
3,53738,26238
3,53842,26511
3,54027,26553
3,54399,26622
3,54715,26859
3,54800,26931
3,54812,26967
3,54877,27066
3,54900,27099
3,55346,27144
3,55395,27237
3,55432,27270
3,55639,27309
3,55767,27345
3,55800,27468
3,55865,27492
3,55872,27555
3,55912,27597
3,56000,27630
3,56156,27666
3,56172,27726
3,56200,27789
3,56478,27861
3,56580,27903
3,56609,27951
3,56673,27969
3,56819,28029
3,57051,28107
3,57346,28158
3,57499,28221
3,57556,28245
3,57800,28308
3,57914,28365
3,58190,28395
3,58432,28434
3,58482,28506
3,58503,28545
3,58800,28599
3,58949,28635
3,59000,28695
3,59133,28731
3,59569,28776
3,59600,28827
3,59766,29061
3,59983,29250
3,60000,29331
3,60054,29409
3,60200,29445
3,60257,29499
3,60365,29535
3,60397,29703
3,60500,29811
3,60600,29868
3,60768,29940
3,60830,29979
3,61017,30240
3,61028,30390
3,61133,30429
3,61278,30687
3,61309,30729
3,61431,30792
3,61585,30816
3,62000,30960
3,62051,31047
3,62080,31128
3,62125,31137
3,62400,31191
3,62504,31233
3,62984,31272
3,63085,31422
3,63321,31479
3,63367,31545
3,63396,31605
3,63448,31647
3,63500,31686
3,63659,31899
3,63678,31941
3,64196,32004
3,64342,32058
3,64610,32100
3,64647,32139
3,64816,32181
3,64921,32217
3,65000,32385
3,65231,32436
3,65237,32553
3,65261,32595
3,65800,32745
3,65874,32775
3,65960,32826
3,66188,33060
3,66200,33093
3,66289,33159
3,66385,33297
3,66602,33348
3,67302,33372
3,67429,33435
3,67872,33465
3,67896,33579
3,67946,33630
3,68000,34182
3,68256,34290
3,68337,34380
3,68394,34506
3,68567,34599
3,68648,34638
3,68773,34722
3,68980,34791
3,69025,34827
3,69177,34866
3,69341,34908
3,69580,34932
3,69600,34965
3,69694,35001
3,69704,35022
3,69867,35055
3,70000,35076
3,70274,35127
3,70325,35223
3,70408,35286
3,70498,35352
3,70776,35388
3,70822,35433
3,70926,35655
3,71359,35688
3,71491,35727
3,71858,35787
4,0,360
4,776,460
4,2000,512
4,2071,584
4,2525,644
4,2899,744
4,3000,980
4,3157,1316
4,3309,1364
4,3472,1464
4,4142,1512
4,5171,1560
4,5585,1664
4,5695,1704
4,5800,1760
4,7149,1936
4,7155,2068
4,8207,2112
4,8418,2264
4,8733,2316
4,8839,2352
4,8894,2392
4,9154,2692
4,9294,2860
4,9308,3016
4,9319,3140
4,10000,3264
4,10354,3352
4,10509,3388
4,10519,3428
4,10522,3540
4,11030,3696
4,11479,3744
4,12000,3880
4,12256,4140
4,12425,4232
4,12500,4596
4,12521,4664
4,12664,4844
4,13460,4952
4,13679,5068
4,13889,5168
4,13890,5212
4,14000,5288
4,14298,5356
4,14392,5420
4,14479,5488
4,14693,5576
4,14731,5644
4,14911,5676
4,15320,6044
4,15428,6072
4,15513,6424
4,15700,6468
4,15783,6640
4,16288,6708
4,16547,6844
4,16877,6900
4,17374,6996
4,17566,7024
4,17888,7152
4,18000,7188
4,18120,7252
4,18637,7652
4,18926,7716
4,18940,7912
4,19259,8172
4,19303,8280
4,19361,8460
4,19405,8644
4,19609,8696
4,20000,8752
4,20010,8796
4,20426,8824
4,20684,8920
4,20915,8976
4,21044,9064
4,21080,9112
4,21255,9156
4,21330,9364
4,21500,9540
4,22000,9692
4,22365,9728
4,22469,9848
4,22571,9920
4,22779,9988
4,23090,10032
4,23297,10080
4,23490,10412
4,23780,10452
4,23815,10484
4,24000,10660
4,24200,10744
4,24511,10776
4,24800,10872
4,24820,11136
4,24832,11380
4,25234,11444
4,25253,11532
4,25533,11564
4,26000,11604
4,26305,11676
4,26475,11700
4,26621,11792
4,26889,11840
4,26921,12172
4,27303,12348
4,27406,12440
4,27542,12624
4,28080,12692
4,28494,12732
4,28544,12756
4,29090,12792
4,29209,12828
4,29251,13092
4,29462,13292
4,29672,13340
4,29988,13384
4,30000,13428
4,30514,13484
4,30600,13544
4,30608,13644
4,30639,13916
4,31026,13992
4,31150,14156
4,31251,14212
4,31566,14376
4,31580,14420
4,32046,14508
4,32060,14632
4,32098,14688
4,32303,14724
4,32305,14872
4,32682,15024
4,33133,15096
4,33294,15136
4,33444,15328
4,33671,15416
4,33962,15544
4,34025,15704
4,34169,15788
4,34407,15908
4,34645,15952
4,34653,16000
4,34686,16076
4,34723,16232
4,35000,16412
4,35101,16484
4,35174,16576
4,35249,16756
4,35880,16800
4,35929,16888
4,36091,16968
4,36100,17016
4,36665,17036
4,36827,17136
4,37880,17232
4,38000,17284
4,38020,17308
4,38265,17348
4,38310,17392
4,38483,17440
4,38912,17484
4,38989,17532
4,39346,17596
4,39661,17644
4,39863,17796
4,39967,17828
4,40381,17844
4,40852,18024
4,41000,18028
4,41367,18140
4,41465,18404
4,41600,18456
4,42000,18596
4,42088,18688
4,42486,18712
4,42505,18768
4,42701,18824
4,43022,18884
4,43141,18904
4,43375,19004
4,43436,19124
4,43487,19172
4,43814,19280
4,43902,19384
4,44088,19504
4,44316,19564
4,44470,19628
4,45142,19712
4,45250,20048
4,45504,20148
4,45700,20216
4,45800,20264
4,46500,20340
4,46538,20604
4,46594,20696
4,47000,20796
4,47350,20908
4,47573,21064
4,47629,21216
4,47676,21328
4,48000,21388
4,48607,21612
4,48614,21788
4,48716,21876
4,48823,21948
4,48872,22012
4,49000,22096
4,49243,22136
4,49329,22168
4,49641,22184
4,50506,22228
4,50575,22256
4,51137,22408
4,51253,22464
4,51399,22616
4,51771,22728
4,52505,22772
4,52597,22808
4,52611,22980
4,52950,22992
4,53108,23264
4,53349,23356
4,53452,23400
4,53500,23428
4,53663,23528
4,53757,23556
4,53842,23588
4,54049,23660
4,54231,23708
4,54398,23744
4,54812,23988
4,54877,24032
4,55000,24100
4,55150,24144
4,55912,24320
4,56053,24384
4,56070,24580
4,56172,24604
4,56880,24896
4,56948,24956
4,57087,24996
4,57766,25164
4,57872,25228
4,58000,25300
4,58780,25344
4,58929,25400
4,59029,25500
4,59644,25544
4,59743,25704
4,60000,25796
4,60186,25952
4,60500,26044
4,60900,26084
4,61000,26112
4,61028,26240
4,61074,26348
4,61245,26396
4,61278,26456
4,61344,26512
4,61554,26572
4,61711,26768
4,61740,26828
4,61800,26916
4,62051,26948
4,62125,27332
4,62300,27428
4,62436,27700
4,63000,27840
4,63133,28052
4,63160,28096
4,63500,28132
4,64000,28316
4,64342,28464
4,64403,28536
4,64816,28588
4,65100,28644
4,65154,28732
4,65231,28788
4,65237,28836
4,65257,28968
4,65438,29016
4,65626,29084
4,65723,29160
4,66289,29196
4,66385,29348
4,66605,29380
4,67015,29404
4,67100,29488
4,67302,29992
4,67509,30060
4,67552,30104
4,67820,30216
4,68000,30396
4,68337,30524
4,68394,30764
4,68427,30804
4,68544,30848
4,69142,30936
4,69291,31040
4,69373,31088
4,69449,31212
4,69551,31264
4,70408,31332
4,70470,31380
4,70498,31416
4,71444,31476
4,71463,31532
4,71491,31584
4,71550,31616
4,71669,31656
4,71876,31680
5,0,375
5,1000,465
5,1242,645
5,2104,730
5,2392,795
5,3624,850
5,4142,960
5,4902,1005
5,5261,1215
5,5477,1280
5,6420,1425
5,7446,1505
5,8283,1550
5,8905,1625
5,11847,1690
5,11893,1830
5,12256,1890
5,12700,2165
5,12942,2315
5,13046,2380
5,13100,2435
5,13651,2470
5,14521,2535
5,15000,2750
5,15531,2835
5,15783,3065
5,16204,3100
5,16754,3220
5,17000,3315
5,17362,3500
5,17600,3565
5,17602,3685
5,17888,3770
5,18637,3910
5,19992,3965
5,20000,4025
5,20202,4165
5,20426,4270
5,20684,4540
5,21557,4635
5,21570,4690
5,21886,4865
5,22344,4950
5,24820,5165
5,24937,5520
5,25648,5830
5,25674,5880
5,25855,5955
5,25885,6165
5,26043,6230
5,26305,6315
5,26500,6550
5,26921,7290
5,27024,7360
5,27989,7425
5,28000,7600
5,28410,7795
5,28596,7875
5,28700,7940
5,28957,8205
5,28961,8260
5,29000,8325
5,29230,8395
5,29509,8455
5,29618,8595
5,29991,8785
5,30514,8905
5,30715,9225
5,31000,9295
5,31026,9805
5,31373,9885
5,31500,9980
5,31580,10015
5,32267,10070
5,32500,10215
5,33000,10505
5,33133,10545
5,33477,10630
5,33671,10650
5,33703,10940
5,34300,11130
5,34723,11205
5,34724,11340
5,35100,11515
5,35133,11630
5,35235,11790
5,35746,12005
5,35775,12405
5,36590,12485
5,37231,12520
5,38000,12685
5,38932,12790
5,39300,12850
5,39346,12925
5,39967,12980
5,40000,13155
5,40270,13230
5,40278,13310
5,40405,13430
5,40954,13795
5,41000,14105
5,41417,14305
5,44523,14360
5,44824,14600
5,44929,14660
5,45000,14740
5,45297,14805
5,45401,14945
5,45504,15005
5,45558,15085
5,46228,15250
5,46594,15435
5,47350,15650
5,47857,15690
5,48400,16290
5,48420,16320
5,48700,16550
5,49000,16610
5,49023,16805
5,49493,16935
5,49534,17000
5,49770,17080
5,49800,17115
5,50218,17210
5,50425,17400
5,50735,17540
5,50882,17710
5,51065,17955
5,51668,18030
5,51864,18110
5,52200,18210
5,52537,18265
5,53000,18545
5,53108,18605
5,53414,18665
5,53467,18710
5,53618,18755
5,54084,18840
5,54398,18920
5,54463,18960
5,54877,19060
5,55432,19120
5,55518,19540
5,55978,19585
5,56172,19725
5,56467,19945
5,57193,20145
5,57362,20280
5,57914,20515
5,58112,20685
5,59976,20895
5,60000,21050
5,60500,21200
5,60768,21225
5,60790,21285
5,61074,21320
5,61500,21490
5,61638,21540
5,62125,21865
5,62300,22050
5,62465,22290
5,62672,22365
5,63133,22530
5,63160,22665
5,63869,22735
5,64120,22860
5,64342,22960
5,65600,23220
5,65645,23305
5,66000,23345
5,67300,23390
5,67406,23885
5,68289,24070
5,69200,24130
5,69700,24165
5,70498,24225
5,71297,24280
5,71359,24375
5,71491,24435
6,993,180
6,1657,474
6,2585,516
6,3003,612
6,4800,846
6,5366,924
6,7946,1044
6,9928,1086
6,10522,1308
6,13444,1692
6,15000,1830
6,17056,1902
6,18637,2322
6,18792,2388
6,19650,2574
6,21122,2628
6,22132,2694
6,22986,2766
6,23000,3114
6,23043,3732
6,23786,3792
6,24100,3918
6,24818,3984
6,25368,4122
6,25885,4326
6,27042,4446
6,27500,4692
6,28410,4926
6,28454,5034
6,29578,5124
6,32577,5196
6,35200,5238
6,36032,5670
6,37275,5796
6,37700,5994
6,39320,6072
6,39831,6174
6,42000,6246
6,43146,6330
6,43487,6390
6,51000,6678
6,51709,6834
6,53618,6912
6,54812,7104
6,55661,7146
6,57983,7380
6,59019,7644
6,59324,7866
6,60000,7932
6,61975,8010
6,64713,8178
6,65363,8448
6,66815,8520
6,67923,8586
6,69700,8826
6,70408,8910
6,70498,9054
6,71000,9150
